sample_index,source_dataset,source_url,source_pdf,source_id,source_category,pdf_file,pdf_sha256,source_text_sha256,extracted_chars,sampling_seed
1,snehaanbhawal/resume-dataset,https://www.kaggle.com/datasets/snehaanbhawal/resume-dataset,data/data/HEALTHCARE/23110214.pdf,23110214,HEALTHCARE,pdfs/23110214.pdf,5ed088adb8896a35355f3a06eb086bfc7a90efdc6242768372b7e562d4424dd5,ed93953c2884631e8117a537b9bd73b291f4e63b6b9d7b3797f1e633026052a3,8899,20260915
2,snehaanbhawal/resume-dataset,https://www.kaggle.com/datasets/snehaanbhawal/resume-dataset,data/data/BANKING/13393401.pdf,13393401,BANKING,pdfs/13393401.pdf,7dcfc15047e8198fcd283f82bbcddecf13329c031c237d7be4a9521fedf54a49,fb1fc7510a745e0803c6afd84cb16fe03d02bf73867e954ca67fee5546c953d4,5632,20260915
3,snehaanbhawal/resume-dataset,https://www.kaggle.com/datasets/snehaanbhawal/resume-dataset,data/data/PUBLIC-RELATIONS/14667659.pdf,14667659,PUBLIC-RELATIONS,pdfs/14667659.pdf,0576eacc983af9581633d6934b3bc29549e8c8bc533fdd84a6bc68c66745fa6d,06c3477c697f4a517fd9a64e30b856162a7a6706467416994716ec26f1598d32,5207,20260915
4,snehaanbhawal/resume-dataset,https://www.kaggle.com/datasets/snehaanbhawal/resume-dataset,data/data/SALES/18171955.pdf,18171955,SALES,pdfs/18171955.pdf,e6aa9147f0c9a23d25c227f847fa89e0e4df0532378966aea6c76fe48893847c,47fe240f3ac5e84eb4cadace5764c8b4965b244039bb56325673da2fe384d146,5398,20260915
5,snehaanbhawal/resume-dataset,https://www.kaggle.com/datasets/snehaanbhawal/resume-dataset,data/data/AUTOMOBILE/15210069.pdf,15210069,AUTOMOBILE,pdfs/15210069.pdf,a67d62772d094243350821bf2970710446cc2f192c87ac256bf44e69d806dded,6532ee2952a6336aef5147f6403c992b1028b96f1255f479eb879b029b687525,5689,20260915
6,snehaanbhawal/resume-dataset,https://www.kaggle.com/datasets/snehaanbhawal/resume-dataset,data/data/SALES/30608780.pdf,30608780,SALES,pdfs/30608780.pdf,b28864da8c831120735ae8b1928975fc816d111ee0fc6b524ded32408faa3264,adcee6c5e33c59a7b362c836e220a08eea37a1d5d362dc30ef3434d25427507f,7294,20260915
7,snehaanbhawal/resume-dataset,https://www.kaggle.com/datasets/snehaanbhawal/resume-dataset,data/data/AVIATION/11804712.pdf,11804712,AVIATION,pdfs/11804712.pdf,44a307f269bec0c9ac9f9b029698c8c771e13d76ba78955cad4b076a656ae737,909de42b8e8f6b07b26c4fc3b42da0b499c27130d635f19a20802275f2f23ee9,8769,20260915
8,snehaanbhawal/resume-dataset,https://www.kaggle.com/datasets/snehaanbhawal/resume-dataset,data/data/FINANCE/15792052.pdf,15792052,FINANCE,pdfs/15792052.pdf,c88099ce297b2524bf6a229f03f76c9e2ba0aed4cc89c25c018493b43c9f4d56,d1ea6d92aab1e9276441dfb7fa671822c2f3f109fd82f722bb13b495b0fd4329,5532,20260915
9,snehaanbhawal/resume-dataset,https://www.kaggle.com/datasets/snehaanbhawal/resume-dataset,data/data/AGRICULTURE/62994611.pdf,62994611,AGRICULTURE,pdfs/62994611.pdf,6e11685c1af3a8f7763e3303d461de030b9d8f579427849c8fdc4a69e3238ca9,8afaed65d76b3d180e2f1253e1362e1d580c22f75e80fc1069815691f400f0d3,9276,20260915
10,snehaanbhawal/resume-dataset,https://www.kaggle.com/datasets/snehaanbhawal/resume-dataset,data/data/ACCOUNTANT/28298773.pdf,28298773,ACCOUNTANT,pdfs/28298773.pdf,7b827391097ecdb92490b0a41eeb98bc84624675bec4e26be305ed61e710ee51,f3cfa4a73180b77570832304c1b84adaab81b5b37e1e9ef0415031f1a161be94,5143,20260915
11,snehaanbhawal/resume-dataset,https://www.kaggle.com/datasets/snehaanbhawal/resume-dataset,data/data/ACCOUNTANT/24103168.pdf,24103168,ACCOUNTANT,pdfs/24103168.pdf,4bbc2e6d936e2a94971e36aae52bf35560ddaec2346abf066a87bd26558c8ec0,f67bb8d4457e5c01d2a3217383e2ca91ccea506e42e85cc1711c35b1dbeb9044,5974,20260915
12,snehaanbhawal/resume-dataset,https://www.kaggle.com/datasets/snehaanbhawal/resume-dataset,data/data/FITNESS/21122155.pdf,21122155,FITNESS,pdfs/21122155.pdf,f62f352a2e27dfa3dcd03f679183f297c91b36093633a013d10c02c6095bde16,0c2629e2ca650a7b4356880ffe4e19f44636f131fe660b76e54ec5d62db77781,7815,20260915
13,snehaanbhawal/resume-dataset,https://www.kaggle.com/datasets/snehaanbhawal/resume-dataset,data/data/HR/27496514.pdf,27496514,HR,pdfs/27496514.pdf,c65fc835c5179afee3bbbe3de72b0fb9a0b7c4eaa2690b3c7f4e5fccb9fe337e,ff14482489475595f4e427b99d871b83dd893b69e46566fd7076969f0181960b,5530,20260915
14,snehaanbhawal/resume-dataset,https://www.kaggle.com/datasets/snehaanbhawal/resume-dataset,data/data/CHEF/91268638.pdf,91268638,CHEF,pdfs/91268638.pdf,60cbb8fff807653a3a283a9e415aeb7ba7c761c1b3e5ef3c3a4dc6d357b93683,186ee519cdb0465cebf76292519582198e9c0227c32d34c2076424bdf6485270,6700,20260915
15,snehaanbhawal/resume-dataset,https://www.kaggle.com/datasets/snehaanbhawal/resume-dataset,data/data/DESIGNER/11722421.pdf,11722421,DESIGNER,pdfs/11722421.pdf,9a0f1b55f746c5774c56d8eeb18622b6af8c7bf62fb02c13ba44d86e0e71777a,a2f07a640ff8f4bfaee1e1514c3dfb67d48bf8df0afa09039db4226cf78de20f,5109,20260915
16,snehaanbhawal/resume-dataset,https://www.kaggle.com/datasets/snehaanbhawal/resume-dataset,data/data/CHEF/27298953.pdf,27298953,CHEF,pdfs/27298953.pdf,1a349472e2e8e97b7376b2ccf50d5abc7b1e46bae5affd00e62bb7e9029d408a,cdd189a1b17840f8731f6aa361de81e42ea152b9ca0d54019ec3b949959675bc,7511,20260915
17,snehaanbhawal/resume-dataset,https://www.kaggle.com/datasets/snehaanbhawal/resume-dataset,data/data/APPAREL/26586477.pdf,26586477,APPAREL,pdfs/26586477.pdf,eff6bcc50a63d8d925b359b2e65eed851ca5d84d80996adfb979439fb87da041,6ca97888157d0771b8205e37f2d90cb8fb03b7640adbc10f20d32ba54b556313,5784,20260915
18,snehaanbhawal/resume-dataset,https://www.kaggle.com/datasets/snehaanbhawal/resume-dataset,data/data/CHEF/10333299.pdf,10333299,CHEF,pdfs/10333299.pdf,c30ece8bb89d0f88c2a85bd658fdc3426bea27cda257e1929d9ce614550ccc19,5a4c81e1f03739bb4b88d4cd07217b935992e0fc9c57d904327adadc123e5718,6343,20260915
19,snehaanbhawal/resume-dataset,https://www.kaggle.com/datasets/snehaanbhawal/resume-dataset,data/data/HR/30646367.pdf,30646367,HR,pdfs/30646367.pdf,e47754812af902a4fd82f32f3ba8d5df8a340bf15e33dd6878656f2a1fa949a0,9bb6f38dd2b0a93a00aa93de0ee50a5a2e3b7a9c71b91175e3e5bca30c886114,7240,20260915
20,snehaanbhawal/resume-dataset,https://www.kaggle.com/datasets/snehaanbhawal/resume-dataset,data/data/HEALTHCARE/37001381.pdf,37001381,HEALTHCARE,pdfs/37001381.pdf,3b3e87e3e710a6138bbb39925fcaec25d44741a05618f6111e35836f2ae86b5a,efa3dd12c3b21f672b10c86c256a57d17556733f7a5cf7455942d4cb7d81aad3,7770,20260915
21,snehaanbhawal/resume-dataset,https://www.kaggle.com/datasets/snehaanbhawal/resume-dataset,data/data/SALES/24610685.pdf,24610685,SALES,pdfs/24610685.pdf,26220f8ae45c1181ada5ab8a79e19b72882f11ab81dc89cf9c2014d6b90e3dbe,443ff9a4cf2a058065e3c2c22d132051bec0986b0a789d752670b1de500b041f,6829,20260915
22,snehaanbhawal/resume-dataset,https://www.kaggle.com/datasets/snehaanbhawal/resume-dataset,data/data/ENGINEERING/47549345.pdf,47549345,ENGINEERING,pdfs/47549345.pdf,1a766588afce37d5d556fde7951099437a56b9fa5a22722a84f8425e5c55824f,8555372d06006318f6e41f5f8d059ceb20ff596ce5472e943c52136c75cf36d0,4208,20260915
23,snehaanbhawal/resume-dataset,https://www.kaggle.com/datasets/snehaanbhawal/resume-dataset,data/data/ADVOCATE/26071861.pdf,26071861,ADVOCATE,pdfs/26071861.pdf,754a264cb289bc216cf008b6a04828ccaf9e052a6815ab93b0bd557e21824a29,533f97ee433e069a58ba162e77b3371b5c5ab648031ede642d9aa5e438e2a3c0,6324,20260915
24,snehaanbhawal/resume-dataset,https://www.kaggle.com/datasets/snehaanbhawal/resume-dataset,data/data/HR/20925036.pdf,20925036,HR,pdfs/20925036.pdf,94456d510ff31bf0f6b87f87bc249dc126a02c0cec50e3185456464e9a7b8933,bc39d18438bcd359abcc7b6f86fa026f3f9b14d154fe1a7271f708f7b9d7f0d6,8103,20260915
25,snehaanbhawal/resume-dataset,https://www.kaggle.com/datasets/snehaanbhawal/resume-dataset,data/data/ADVOCATE/13593241.pdf,13593241,ADVOCATE,pdfs/13593241.pdf,8266a1cb8101c84191d883a366d15e711586646b95585feddee1d745e5689c91,2bde8880d73b93f66c1570f4a13f7b853b1ca66455e098eda368c9aa125d0a9e,7383,20260915
26,snehaanbhawal/resume-dataset,https://www.kaggle.com/datasets/snehaanbhawal/resume-dataset,data/data/DESIGNER/62312955.pdf,62312955,DESIGNER,pdfs/62312955.pdf,6e4b9429eae0b1e781473ddfdfa7c9d24603a10e985209c250a7c41f6c1b266c,5d0aa68013eda813bf007390d187fb694cf15af884677b87351cd95f5cfc401c,2930,20260915
27,snehaanbhawal/resume-dataset,https://www.kaggle.com/datasets/snehaanbhawal/resume-dataset,data/data/AGRICULTURE/21868149.pdf,21868149,AGRICULTURE,pdfs/21868149.pdf,8e658b061c1a9223db81ed1d7e80b5f25cba166b570da161246a7caaa043968e,248ba69f5056e0fb1f42ff723faf043320058b7d0f3f8c8f9f1e96866a4548f9,7895,20260915
28,snehaanbhawal/resume-dataset,https://www.kaggle.com/datasets/snehaanbhawal/resume-dataset,data/data/DIGITAL-MEDIA/29002596.pdf,29002596,DIGITAL-MEDIA,pdfs/29002596.pdf,03983cbaa563048425b46a8bd6d86d32f455c0036188b955fb009e5eea1e7083,79f75cb79f6ed6f269339b1f6c9efb12e94102502388b47b2141b672eca5b367,8881,20260915
29,snehaanbhawal/resume-dataset,https://www.kaggle.com/datasets/snehaanbhawal/resume-dataset,data/data/DIGITAL-MEDIA/31909493.pdf,31909493,DIGITAL-MEDIA,pdfs/31909493.pdf,0fdea4df3480cbfcefe27abe6358f21b7dfcd4a1662ef7ced45cb737bf5faa05,df3f931fcc9eb3371d1d89e56405ab58fe16bb9a7b7288c013a9aa2656411e6b,8223,20260915
30,snehaanbhawal/resume-dataset,https://www.kaggle.com/datasets/snehaanbhawal/resume-dataset,data/data/PUBLIC-RELATIONS/23015611.pdf,23015611,PUBLIC-RELATIONS,pdfs/23015611.pdf,48ecb91cf28ea58f6822745894305cf8605680d3a41ebbf4a52b24d7832267a2,1f1d7886734b392b8d6e11576e7095f6b65b3d62b6d329f0f5bf735a3d41b312,6508,20260915
31,snehaanbhawal/resume-dataset,https://www.kaggle.com/datasets/snehaanbhawal/resume-dataset,data/data/FITNESS/23004695.pdf,23004695,FITNESS,pdfs/23004695.pdf,e6a75e1154f47c8c87d6bd6e9f1bdca887d62f89b9d1f47a4e7ce9618f887da4,8be6153d6cd23a0e298cc216e9e271cddae8144046f80e1b0f693eba3f62d36e,5176,20260915
32,snehaanbhawal/resume-dataset,https://www.kaggle.com/datasets/snehaanbhawal/resume-dataset,data/data/ACCOUNTANT/78257294.pdf,78257294,ACCOUNTANT,pdfs/78257294.pdf,a3bd40ba200529a8346eb0bb338b230fd42f658c6f7f34274289a12326333158,1d7ff1dc951ea9848afe9b51d41018d3652711b50ee92e4f2573a2243e99b4c4,9054,20260915
33,snehaanbhawal/resume-dataset,https://www.kaggle.com/datasets/snehaanbhawal/resume-dataset,data/data/ENGINEERING/47919212.pdf,47919212,ENGINEERING,pdfs/47919212.pdf,0811296885d0887569d58bacb843b2d3cd7c95b2433cef44a75ef455286ee53d,ef341455c138a0e527aa0acaa481ebcb9288c917c0497bc293f5b219b5a4a45b,5815,20260915
34,snehaanbhawal/resume-dataset,https://www.kaggle.com/datasets/snehaanbhawal/resume-dataset,data/data/DIGITAL-MEDIA/15353911.pdf,15353911,DIGITAL-MEDIA,pdfs/15353911.pdf,17707eba9f5db5a19d00189034e2ec23f17bb001d5773230d074d0bb2616cbbb,7941d6c365e63aa3063b81cea36a261755b43040b2500f9ded57447003d4c88b,1718,20260915
35,snehaanbhawal/resume-dataset,https://www.kaggle.com/datasets/snehaanbhawal/resume-dataset,data/data/INFORMATION-TECHNOLOGY/12635195.pdf,12635195,INFORMATION-TECHNOLOGY,pdfs/12635195.pdf,996bc15e309da15d4dfff3d51ebb9995aa7a6f8639a39881d704c1b60bf85292,4aa13ebaf51b64b210c6d602df2c570f485b036c7bacbe578ed9d2b6ca2a775c,3010,20260915
36,snehaanbhawal/resume-dataset,https://www.kaggle.com/datasets/snehaanbhawal/resume-dataset,data/data/ARTS/21809601.pdf,21809601,ARTS,pdfs/21809601.pdf,3d508f50c5d3d3b9b715010c8a435aef537f92b01c7c7609781c1405e1b6e680,1b471c72cc5ee466ca11130deb2a0d168045e6c4efef18847dff8d496d1cc3f9,4526,20260915
37,snehaanbhawal/resume-dataset,https://www.kaggle.com/datasets/snehaanbhawal/resume-dataset,data/data/ARTS/15265464.pdf,15265464,ARTS,pdfs/15265464.pdf,5a3b469d64c9655878f26ce17587bdaf167ac5f5fb60a693974ceecb0d6de4b9,9f56e63b7adaefdf84965e55a68bd5201cfc523d8e0d25036e92340ce501aa48,4983,20260915
38,snehaanbhawal/resume-dataset,https://www.kaggle.com/datasets/snehaanbhawal/resume-dataset,data/data/DIGITAL-MEDIA/28609364.pdf,28609364,DIGITAL-MEDIA,pdfs/28609364.pdf,9350109382be9d1771ee3993700c5b1a68f6fa2f67bd085cc8d74c96ff30f67c,45ab429b5b26c363d3f90307b1b3d4147a14a9e8d7dba629438920d71a2f83d9,5388,20260915
39,snehaanbhawal/resume-dataset,https://www.kaggle.com/datasets/snehaanbhawal/resume-dataset,data/data/INFORMATION-TECHNOLOGY/40018190.pdf,40018190,INFORMATION-TECHNOLOGY,pdfs/40018190.pdf,38502a3baf8c73da9a159e5734779035c4a59ac95019b4348d68d988c61c0f35,f924d38314689bfe4aa08907fa8a87077504691daa1926de65ac585b8a270259,3760,20260915
40,snehaanbhawal/resume-dataset,https://www.kaggle.com/datasets/snehaanbhawal/resume-dataset,data/data/FITNESS/52684666.pdf,52684666,FITNESS,pdfs/52684666.pdf,cf536031750bc680a3023c2d43263b6ece88c3255f2e363df063c82e520865fb,bca553d892ad181d4eebd08abd32561832b1dca5f7aea5da388841314e626fee,7461,20260915
41,snehaanbhawal/resume-dataset,https://www.kaggle.com/datasets/snehaanbhawal/resume-dataset,data/data/DESIGNER/32954522.pdf,32954522,DESIGNER,pdfs/32954522.pdf,41d02eee01114e76a0ffdb7138bf853680c6dc746e71da23ef98d485fa29747e,13dd94582a515a58367bf8730379e8dd80ce381a914167cc2e6d0e0175b9e06b,3576,20260915
42,snehaanbhawal/resume-dataset,https://www.kaggle.com/datasets/snehaanbhawal/resume-dataset,data/data/FITNESS/24444525.pdf,24444525,FITNESS,pdfs/24444525.pdf,82d13676a2599f7eeab0cf29b1efe1df07c74e4cd8733c8216c8d26c4afc9038,dc8b77d8e9d4cf09311b79f1bf2d0e49104cc77838317545ddac5f29b63fafc5,5107,20260915
43,snehaanbhawal/resume-dataset,https://www.kaggle.com/datasets/snehaanbhawal/resume-dataset,data/data/DESIGNER/32532982.pdf,32532982,DESIGNER,pdfs/32532982.pdf,40d98ad97b6132d41248c3210ce5a109dd3bd0a0625bf21279ef9fdc69b463af,92b5a0c7f5d84495e40e024c75cfe52edc2e3c8cbd7296664d4ccb25b1ccff66,5632,20260915
44,snehaanbhawal/resume-dataset,https://www.kaggle.com/datasets/snehaanbhawal/resume-dataset,data/data/BANKING/98965485.pdf,98965485,BANKING,pdfs/98965485.pdf,a5fc772db19c8f51ca91e79ba3bcf9b43d2c4097927f67ebc06d2fd727a6c41b,136611a8c4d1414e4ac7cc3536df78b351ab7af45aa6289c3c8f1fe1a4acc708,5519,20260915
45,snehaanbhawal/resume-dataset,https://www.kaggle.com/datasets/snehaanbhawal/resume-dataset,data/data/INFORMATION-TECHNOLOGY/26801767.pdf,26801767,INFORMATION-TECHNOLOGY,pdfs/26801767.pdf,424268e9ca82dfb29486d7509e4059614749aa4c1166457ab91ab0d969a4e208,a6cc5fd71796be0f6ae64b0090ad1cae7d717426c256c35cdd4c2c773d34e95a,10073,20260915
46,snehaanbhawal/resume-dataset,https://www.kaggle.com/datasets/snehaanbhawal/resume-dataset,data/data/SALES/15973307.pdf,15973307,SALES,pdfs/15973307.pdf,2302530ea1df1e92d4d8e4925216420422938020415dd549e90a23369bc62d96,882a940a81d4e8a144aa0d8c0bdf1bd114a12c4d774b857377cfe364c5258516,2723,20260915
47,snehaanbhawal/resume-dataset,https://www.kaggle.com/datasets/snehaanbhawal/resume-dataset,data/data/FITNESS/45656814.pdf,45656814,FITNESS,pdfs/45656814.pdf,7fbfafea59597259352382150ac01c0d3a4f66d3939fcb91fd41f8883b1404ea,557eb3e53b96e8131a128346d4216d0eb878bb94275a81e61afb64a0fd182b4a,4867,20260915
48,snehaanbhawal/resume-dataset,https://www.kaggle.com/datasets/snehaanbhawal/resume-dataset,data/data/CONSULTANT/37818861.pdf,37818861,CONSULTANT,pdfs/37818861.pdf,92e8e9e66539d4fc74cb82cc0e297fc7a9fdfead830f0ff4807a81e699444c7a,49e4017809f89c8abedac31afca0c66f88ffae8aabe870e321aa65bb851561b6,3174,20260915
49,snehaanbhawal/resume-dataset,https://www.kaggle.com/datasets/snehaanbhawal/resume-dataset,data/data/INFORMATION-TECHNOLOGY/12763627.pdf,12763627,INFORMATION-TECHNOLOGY,pdfs/12763627.pdf,ce0dc2429b5ac39866f0a4f87934b30c5d8bbae00294d76085c48e712de8261a,71ef371fe493b7123534a67a5eb43323ad3b4911f1503af3d948f9a7ff81888a,6419,20260915
50,snehaanbhawal/resume-dataset,https://www.kaggle.com/datasets/snehaanbhawal/resume-dataset,data/data/APPAREL/13858219.pdf,13858219,APPAREL,pdfs/13858219.pdf,8eca41c23a405bb3b044a029e1711611356b1c2f936e69c55526233d3a7e430f,9633e3c772937a968590c589beebd41c9024d3b18f9cf5e1c6cdd4ae672cca07,2124,20260915
51,snehaanbhawal/resume-dataset,https://www.kaggle.com/datasets/snehaanbhawal/resume-dataset,data/data/BANKING/79041971.pdf,79041971,BANKING,pdfs/79041971.pdf,78dfeb9d3d6879d3703717251c8d91aab7b97bc5f5e161857b10242ba6cf8aa6,8be5146a6388d4338f0144de764013187844ab6bce004498f20e05735c7dc2de,1710,20260915
52,snehaanbhawal/resume-dataset,https://www.kaggle.com/datasets/snehaanbhawal/resume-dataset,data/data/CONSULTANT/30083884.pdf,30083884,CONSULTANT,pdfs/30083884.pdf,aec3a398153a75861692e24fe3e7920d5c8fc7cd41dde435d6da09283cd3c157,c0426b62c61df6c31209d6572ce1b262f0347ea3688c720c7f5c8e9ac1861b82,4767,20260915
53,snehaanbhawal/resume-dataset,https://www.kaggle.com/datasets/snehaanbhawal/resume-dataset,data/data/CONSULTANT/26919036.pdf,26919036,CONSULTANT,pdfs/26919036.pdf,9b0be094ae38cbfd1cc89ca437f4ef2424aaa1036439298f83c50b6709aff352,a6b5a526b41c86a95f0c738045c28f03c32b2452f81ffc42e2831fd2aff5eea2,5596,20260915
54,snehaanbhawal/resume-dataset,https://www.kaggle.com/datasets/snehaanbhawal/resume-dataset,data/data/APPAREL/35121930.pdf,35121930,APPAREL,pdfs/35121930.pdf,aa59a79fb0c3f89d49909047d4695f4c68a22f189d2d119f52f297a6183589f7,fee751493e56898a88d0eac871512eb80fd1260455d9962e15d96a409406e16b,5662,20260915
55,snehaanbhawal/resume-dataset,https://www.kaggle.com/datasets/snehaanbhawal/resume-dataset,data/data/CONSTRUCTION/29574501.pdf,29574501,CONSTRUCTION,pdfs/29574501.pdf,e5e8ed93f45de838d199545b7b32515730c9260e0db56d5da9cde3fb9b30d1ec,759796b7b0134666084bbe438891fff315729c8ae3b7daa0c842116d7122fca7,5175,20260915
56,snehaanbhawal/resume-dataset,https://www.kaggle.com/datasets/snehaanbhawal/resume-dataset,data/data/ARTS/12413512.pdf,12413512,ARTS,pdfs/12413512.pdf,a236a3092f7c0415bc8aad90bd968a3e182a3d1e592b327fee531b34e7a23d3f,c4acd4680672c17d19996742eff0123807f941d3c025b28d869545a94c173bf9,7053,20260915
57,snehaanbhawal/resume-dataset,https://www.kaggle.com/datasets/snehaanbhawal/resume-dataset,data/data/BUSINESS-DEVELOPMENT/17597372.pdf,17597372,BUSINESS-DEVELOPMENT,pdfs/17597372.pdf,7e32e80553b14ba0b218abf9cfdacd32180960250b665e33a4fab80692242455,879fd8012121b7519059329c7a27b6a32a72a8ac9206d35f9eebbb61a3cd3e25,2846,20260915
58,snehaanbhawal/resume-dataset,https://www.kaggle.com/datasets/snehaanbhawal/resume-dataset,data/data/AGRICULTURE/28165687.pdf,28165687,AGRICULTURE,pdfs/28165687.pdf,4a5b4c57beedb576b7bc5edb4c2f0d61227509af965fc4d1a1f593e4f1c65226,e86c05a9e96f9f2e794917ccb04075ad891c95f0b02df09ef275a2749b3dd4b6,6463,20260915
59,snehaanbhawal/resume-dataset,https://www.kaggle.com/datasets/snehaanbhawal/resume-dataset,data/data/APPAREL/27694040.pdf,27694040,APPAREL,pdfs/27694040.pdf,b066ae032ea89308553e46110ded7edff58cd2de896e40ae2598455c3fb8a9f9,6b0abc15f8cb9427b76efbd084226f4c9c44a5a428a2ba1b31bf654e596bbc09,2201,20260915
60,snehaanbhawal/resume-dataset,https://www.kaggle.com/datasets/snehaanbhawal/resume-dataset,data/data/ENGINEERING/50328713.pdf,50328713,ENGINEERING,pdfs/50328713.pdf,dbce579e4cbd9cf4035f28f3d7d93938f5a269622dfc20289b09e8d9f3c09208,5c1f9db4bb1e5face5568644376f74f9571949d8bd8b062d2fac657f78880c4e,9499,20260915
61,snehaanbhawal/resume-dataset,https://www.kaggle.com/datasets/snehaanbhawal/resume-dataset,data/data/DIGITAL-MEDIA/21125113.pdf,21125113,DIGITAL-MEDIA,pdfs/21125113.pdf,80e9864141187987739f70dab1a94382968e541012444157a7ca15cb74af9a1d,c1ba1665b78e7b8d910e69301bcad3e2b3473d21d0ec7a5de64d995be77c1c21,7110,20260915
62,snehaanbhawal/resume-dataset,https://www.kaggle.com/datasets/snehaanbhawal/resume-dataset,data/data/CHEF/12717345.pdf,12717345,CHEF,pdfs/12717345.pdf,97b7b1d9820eece863ea6fdaa16a10ef63c5efb9f742d783e3b648250b67963f,2f231380f5fc8f46002f6d0ffedd2e82101ca5cf23415a65146e4b6afda1bec3,5155,20260915
63,snehaanbhawal/resume-dataset,https://www.kaggle.com/datasets/snehaanbhawal/resume-dataset,data/data/HEALTHCARE/26125407.pdf,26125407,HEALTHCARE,pdfs/26125407.pdf,14d6ad6d723606e5dad3a499a5328d374795b2ff13c3d70fefafc55de039a935,7929c17d97db4bd83c4e9f197ceec13331611afdbfdd377d0091bcf7ab299c00,9255,20260915
64,snehaanbhawal/resume-dataset,https://www.kaggle.com/datasets/snehaanbhawal/resume-dataset,data/data/FITNESS/21178545.pdf,21178545,FITNESS,pdfs/21178545.pdf,9c3b12cb2d3e1e136a5417f6b38ae9836de584bcd6f28cdd9af8afddfcb281af,187506d92158ca33a6f4d5f9814b79e3a3d99b904df972d610efd1c82ff95c56,6020,20260915
65,snehaanbhawal/resume-dataset,https://www.kaggle.com/datasets/snehaanbhawal/resume-dataset,data/data/BUSINESS-DEVELOPMENT/34797369.pdf,34797369,BUSINESS-DEVELOPMENT,pdfs/34797369.pdf,91aae53c5425f66e1b4ff71c6524d635bc9079b5156f8f86e4c8ba93942bad61,141c36f2b740cca9ad099918d4c30da6c9eeb1b997c7aa72929622057fa77ab4,6913,20260915
66,snehaanbhawal/resume-dataset,https://www.kaggle.com/datasets/snehaanbhawal/resume-dataset,data/data/DESIGNER/11155153.pdf,11155153,DESIGNER,pdfs/11155153.pdf,e15be600682ffcbda2e0c51f32eb29f18cd55058a4ef18fe4a527d58b4411bcc,f835050d6ff940bfea58a46b5103452ba5492576ae281e7c756cae9d26677405,17629,20260915
67,snehaanbhawal/resume-dataset,https://www.kaggle.com/datasets/snehaanbhawal/resume-dataset,data/data/HR/26048718.pdf,26048718,HR,pdfs/26048718.pdf,da9bf5b6dff853a8cb503fa67714b528258bee4871dfd9cef091d0f846b5030b,42002e55e9f52b4189e9dcca1bd8eb1402cd439d6b6c7e71f80f63ab3449dd35,14168,20260915
68,snehaanbhawal/resume-dataset,https://www.kaggle.com/datasets/snehaanbhawal/resume-dataset,data/data/SALES/37360517.pdf,37360517,SALES,pdfs/37360517.pdf,5c391ed41185e766a6230e0ae30eff613950d4a8c70a60aa5fe912e1747a4a98,14e7b25bd568df20ae0cd69e853625cbd91295a4b1935f2a23625ebebe7e6185,5126,20260915
69,snehaanbhawal/resume-dataset,https://www.kaggle.com/datasets/snehaanbhawal/resume-dataset,data/data/HEALTHCARE/17545780.pdf,17545780,HEALTHCARE,pdfs/17545780.pdf,6a3d314a27b201e1676a4d78915bb25efced4f9e160a5cdab5100c6bcb8d0ebd,0c7143907915eb404a3978ac75f5c9f18050c1a5a5b141e16d1f458d910bb7e8,5826,20260915
70,snehaanbhawal/resume-dataset,https://www.kaggle.com/datasets/snehaanbhawal/resume-dataset,data/data/BUSINESS-DEVELOPMENT/14990354.pdf,14990354,BUSINESS-DEVELOPMENT,pdfs/14990354.pdf,e7b1e4e1ff8759128b8e9e8381be4785298faf26549aae306b8da08c6ff70cc7,aacd5d2fe50caa3c8f1f196b0aeb5393ae8d52c6faa30c8150991b6ede967011,5617,20260915
71,snehaanbhawal/resume-dataset,https://www.kaggle.com/datasets/snehaanbhawal/resume-dataset,data/data/ADVOCATE/91051945.pdf,91051945,ADVOCATE,pdfs/91051945.pdf,050703ba9e25f2b46efb4a2b7f1ba252865075fd36d54500bdfeee85c12757c1,4b7ac7549e02a6a19919ece7e71fd4f6b2a8bf1006f9e32606c98a5a898fd3c5,14813,20260915
72,snehaanbhawal/resume-dataset,https://www.kaggle.com/datasets/snehaanbhawal/resume-dataset,data/data/HEALTHCARE/10568183.pdf,10568183,HEALTHCARE,pdfs/10568183.pdf,0049c5ec5f78d900429c93a2f81b3e7c95e2b14aa292d0cee0336b5457b30b37,196be4e5807bef62e4439a4d8d8c9942c97e515d628505f1697f784bf4a35025,8417,20260915
73,snehaanbhawal/resume-dataset,https://www.kaggle.com/datasets/snehaanbhawal/resume-dataset,data/data/HEALTHCARE/10466208.pdf,10466208,HEALTHCARE,pdfs/10466208.pdf,6d0cb7823a28d5da7d2470e597daf9cf8e42b829b147c765f5dccfc5aca1605d,c6b48c22ad0fabf06513fd61e8333fece938679bcc0746060cbc575184027404,8394,20260915
74,snehaanbhawal/resume-dataset,https://www.kaggle.com/datasets/snehaanbhawal/resume-dataset,data/data/HR/18334783.pdf,18334783,HR,pdfs/18334783.pdf,c9f06e4d2768f8aaf08f613452fee3bd6cafa615e188ead8670c24295aa47de9,cfb6b3f1cfac5b69e0db501a2519e359aef3434dacc8227f85f4504ee25e2747,5205,20260915
75,snehaanbhawal/resume-dataset,https://www.kaggle.com/datasets/snehaanbhawal/resume-dataset,data/data/BUSINESS-DEVELOPMENT/20633855.pdf,20633855,BUSINESS-DEVELOPMENT,pdfs/20633855.pdf,30e8f710a0b84c00b4a730b86f8bc027c78cf65848a49a1209a10184690069bb,b5c1bb7fb1de8204cca253e62f2936e699e72f101a86e97fe17e1771254ce185,4660,20260915
76,snehaanbhawal/resume-dataset,https://www.kaggle.com/datasets/snehaanbhawal/resume-dataset,data/data/DIGITAL-MEDIA/80679862.pdf,80679862,DIGITAL-MEDIA,pdfs/80679862.pdf,00c959cae16bf51e70353064fc3bee0c3b3ada77b4fc9f129e342e22b2eff074,39eb1e691354a2199a7009f2ebb25bb68a714bd0613b5ac4f2ce31102cd2d860,10311,20260915
77,snehaanbhawal/resume-dataset,https://www.kaggle.com/datasets/snehaanbhawal/resume-dataset,data/data/FINANCE/10549585.pdf,10549585,FINANCE,pdfs/10549585.pdf,75ec4dadaa99d5551e1f46563b74a38018c9d4633960fb0409b29169008d271d,058d744d4ff67eeecc21d0692a9215c991628be588a1d88f649713a55ff0ecc4,7194,20260915
78,snehaanbhawal/resume-dataset,https://www.kaggle.com/datasets/snehaanbhawal/resume-dataset,data/data/CHEF/12254068.pdf,12254068,CHEF,pdfs/12254068.pdf,3c6695b1cd4c5796d147ac20a37558ce6864b0f6f5c315a311342fef3303ebb2,0242f6cf46763554684515de8168e7ae9527a13990aa636778fb697cd50ece37,6871,20260915
79,snehaanbhawal/resume-dataset,https://www.kaggle.com/datasets/snehaanbhawal/resume-dataset,data/data/SALES/54101961.pdf,54101961,SALES,pdfs/54101961.pdf,4e1e440b2b4bcd18a2b970ed4a3feb31bea4b4a9559bc0d6dd4a965095b6056c,505968c31edc5e0aaa6d1c13efcf15f29510444474c661a476fb1af8f18c1e0a,2314,20260915
80,snehaanbhawal/resume-dataset,https://www.kaggle.com/datasets/snehaanbhawal/resume-dataset,data/data/FINANCE/74512244.pdf,74512244,FINANCE,pdfs/74512244.pdf,e992d7944592adca44a329fe7380991792e23b458dbb5dcdd6e7f8009e7dadbb,50a26780386543afef6f64726eac272e47a0b3eeb7d4aef4e49f39ac1e599f2a,6268,20260915
81,snehaanbhawal/resume-dataset,https://www.kaggle.com/datasets/snehaanbhawal/resume-dataset,data/data/FINANCE/14181049.pdf,14181049,FINANCE,pdfs/14181049.pdf,5c46c5be4ad5c5af5ca2232d9dd77613d012edb93c536399363e39ea62ffe714,a2b6a757a56f62caa5cc83711587b03b7bc7177bf1884130223cec22474eb754,9843,20260915
82,snehaanbhawal/resume-dataset,https://www.kaggle.com/datasets/snehaanbhawal/resume-dataset,data/data/ENGINEERING/49127329.pdf,49127329,ENGINEERING,pdfs/49127329.pdf,38a16628ee74b59f267ea01b6436e62cc2dfa690de3b1356c3382a05b33e0f22,6c0b13f37357a0e0346294726193db34321763754a823776972468fd82c7abf2,9571,20260915
83,snehaanbhawal/resume-dataset,https://www.kaggle.com/datasets/snehaanbhawal/resume-dataset,data/data/DIGITAL-MEDIA/17432318.pdf,17432318,DIGITAL-MEDIA,pdfs/17432318.pdf,f27694679ec183fcbb59da04d8663f17cf494eaece038d0efc3ceec911dd2efd,6be82c4cfa4696d3d4d4481b7f560ee14c6678bbdf475aa4569b6911a284caa6,4466,20260915
84,snehaanbhawal/resume-dataset,https://www.kaggle.com/datasets/snehaanbhawal/resume-dataset,data/data/APPAREL/29640922.pdf,29640922,APPAREL,pdfs/29640922.pdf,54948b17e9275c21f3d0efb37b402b0b0e54c81180094396f2cad5dba2c26062,c6ca8a20a487a92bdd7c4cfa9177ef77f8a21660515c7b42d7a8c60153646401,7693,20260915
85,snehaanbhawal/resume-dataset,https://www.kaggle.com/datasets/snehaanbhawal/resume-dataset,data/data/BUSINESS-DEVELOPMENT/17095812.pdf,17095812,BUSINESS-DEVELOPMENT,pdfs/17095812.pdf,b0e88b5c916a2cfa6ee45f76cb4fabb35b3fbfb10482b9ed78d4f5c94a6ad5bf,d0834fa1f8489d31d51b714d76d2a219161120721a82da64321a33810e013efe,7576,20260915
86,snehaanbhawal/resume-dataset,https://www.kaggle.com/datasets/snehaanbhawal/resume-dataset,data/data/PUBLIC-RELATIONS/93828034.pdf,93828034,PUBLIC-RELATIONS,pdfs/93828034.pdf,f716dd66660679313f8f6d3e18e790e8c6f78204563ea8a9d4cda8c2e76382e5,bd1ac9ba30573c1c794968a46959870e02bd2232bef75461eb75d009b75ab571,5604,20260915
87,snehaanbhawal/resume-dataset,https://www.kaggle.com/datasets/snehaanbhawal/resume-dataset,data/data/INFORMATION-TECHNOLOGY/10641230.pdf,10641230,INFORMATION-TECHNOLOGY,pdfs/10641230.pdf,6757bf159c8805e9c9aebe7013f8ecd0b1f53826d0cb612cbadde4acadc43c9e,0ffc218434a03d82811f938ade11ed1df3a479e4a9acdd513ce7b428578c0420,5446,20260915
88,snehaanbhawal/resume-dataset,https://www.kaggle.com/datasets/snehaanbhawal/resume-dataset,data/data/CONSULTANT/43311839.pdf,43311839,CONSULTANT,pdfs/43311839.pdf,ad5e81dd94482113b70294fac8b008e0fe7c95f5f6da126473ea840763aa8c04,5b7c1cf327bc0a60d5b973a794d5dfc62181178bd6d7791eba54f2fb10ab505b,12614,20260915
89,snehaanbhawal/resume-dataset,https://www.kaggle.com/datasets/snehaanbhawal/resume-dataset,data/data/APPAREL/11677077.pdf,11677077,APPAREL,pdfs/11677077.pdf,496b9e8106a36c3eef8414d3d6ba27443d86f240941593e4cef98a22c3aa1bea,a097bab27f9114cbcace3c7d6e5950e2e15d4d3016026374c7ff4fbcb3692ebf,8761,20260915
90,snehaanbhawal/resume-dataset,https://www.kaggle.com/datasets/snehaanbhawal/resume-dataset,data/data/ARTS/12334650.pdf,12334650,ARTS,pdfs/12334650.pdf,22eea151eba1ba8ab3e7b4783ca28176609076d8728b10b35eafae94f603f2af,a7ab5937b3dc7c19c5297a6d729fc4846417cfbfa06aab873a39942b5464b3ca,9133,20260915
91,snehaanbhawal/resume-dataset,https://www.kaggle.com/datasets/snehaanbhawal/resume-dataset,data/data/ADVOCATE/21614256.pdf,21614256,ADVOCATE,pdfs/21614256.pdf,0b95b62d7c125793f9b506e540593959dbe051ab82e792feaadb486c49f5ea3a,922dc7801e7a9c32ae3b5a84e1ba3125a66a03c7f3f5941f08436bb4dd783633,6030,20260915
92,snehaanbhawal/resume-dataset,https://www.kaggle.com/datasets/snehaanbhawal/resume-dataset,data/data/BANKING/18172739.pdf,18172739,BANKING,pdfs/18172739.pdf,633c420ebf011dc45b7cadaab73f2db9b2a5ee29abdcb79a23446c70d6a34e58,e8395ded3599e5078db3532bb38ec47ab0cab3861c336806e77df689b5648e3f,3672,20260915
93,snehaanbhawal/resume-dataset,https://www.kaggle.com/datasets/snehaanbhawal/resume-dataset,data/data/DIGITAL-MEDIA/14771530.pdf,14771530,DIGITAL-MEDIA,pdfs/14771530.pdf,9c25a7178746d311c17204e36a17ba4bba0cfb3d3b05b8bb3798c922644ba9aa,cca6e079ad85e8476ea4d60cc73c209c02660cb9f3f13e3b3e2036f85190b372,2768,20260915
94,snehaanbhawal/resume-dataset,https://www.kaggle.com/datasets/snehaanbhawal/resume-dataset,data/data/HR/29149998.pdf,29149998,HR,pdfs/29149998.pdf,6a4e34010aa590c235158ac4214320733cbb2db224023f792405e036e4672752,560ac872653fb05ede14eccddff3ecef1051db91031b9e0da69dfabcb4049a26,5463,20260915
95,snehaanbhawal/resume-dataset,https://www.kaggle.com/datasets/snehaanbhawal/resume-dataset,data/data/CONSULTANT/29076405.pdf,29076405,CONSULTANT,pdfs/29076405.pdf,6ec376ee3bbc9b036926096f8a8ddc51009eb007e84ded11c74aaf9ce4bab5e6,d2fb390a09fbb77d8bc9a27244c3371afb9dddb021e83108cedf766db3a4ea63,7962,20260915
96,snehaanbhawal/resume-dataset,https://www.kaggle.com/datasets/snehaanbhawal/resume-dataset,data/data/ACCOUNTANT/28969385.pdf,28969385,ACCOUNTANT,pdfs/28969385.pdf,933e53aa2f948eb18b13e4ae5f2434fa7fb040cb48db7254ca9e6f0ff9c92ad5,402fbc2777a33c1bfb9c98dd3f9ae017226f69f4411b5edc1d2bd96ecfeebf0a,6421,20260915
97,snehaanbhawal/resume-dataset,https://www.kaggle.com/datasets/snehaanbhawal/resume-dataset,data/data/AVIATION/27512470.pdf,27512470,AVIATION,pdfs/27512470.pdf,d8bac3e05e156296dc7c02dffe8c8b4cd079312873a586fb7605c8edda68bf8e,96e68c50f1d33d3db01f1fc22e3250e62ee131677feb5d060b2cb3cc403117fd,6265,20260915
98,snehaanbhawal/resume-dataset,https://www.kaggle.com/datasets/snehaanbhawal/resume-dataset,data/data/HEALTHCARE/39082090.pdf,39082090,HEALTHCARE,pdfs/39082090.pdf,9018b9c7a14400c73c27480cd7fc53ed8c421858e0e3b2a74f7df93a717e7d2f,68ae4d8ab3b0a2d6720223b69250f6913f1cf0024711a358addffa6128e49b52,6092,20260915
99,snehaanbhawal/resume-dataset,https://www.kaggle.com/datasets/snehaanbhawal/resume-dataset,data/data/ACCOUNTANT/21031285.pdf,21031285,ACCOUNTANT,pdfs/21031285.pdf,c62b780061c4ea6e6ecf3d1284c81caec46a154c8f3ac6b55314223b7d7a3642,c3bf5cd5f6376eb8097eeff39d3504b2117785300aaaba4c9a680e3fb60cf00b,5968,20260915
100,snehaanbhawal/resume-dataset,https://www.kaggle.com/datasets/snehaanbhawal/resume-dataset,data/data/ADVOCATE/24946537.pdf,24946537,ADVOCATE,pdfs/24946537.pdf,695bee8cea6508a9e2ad6dcebda0046cb7adbea3777872db753cffe6d69911b2,d560b5a24e2a48515248ad8284566a31a56801e409008be64a6176123124dceb,12669,20260915
101,snehaanbhawal/resume-dataset,https://www.kaggle.com/datasets/snehaanbhawal/resume-dataset,data/data/CHEF/24673903.pdf,24673903,CHEF,pdfs/24673903.pdf,f9c34b9febb3b60985184041a649d30dda3d0a1ee386bcc42425570f5ee8b9e4,593b9ff0bf3e1ec15d18463496e1ccc534084b7384b5a41da73119ec5e4789f5,1876,20260915
102,snehaanbhawal/resume-dataset,https://www.kaggle.com/datasets/snehaanbhawal/resume-dataset,data/data/ADVOCATE/38059130.pdf,38059130,ADVOCATE,pdfs/38059130.pdf,0136cad6d6e460c1f8bcf076406de6c450fe9e76e2176f12e226cb78d9997f92,cbeecae1f2212683eb0e38a8501ac381a4456aec33591adae06eb3d8a58d38ee,7331,20260915
103,snehaanbhawal/resume-dataset,https://www.kaggle.com/datasets/snehaanbhawal/resume-dataset,data/data/FINANCE/72136463.pdf,72136463,FINANCE,pdfs/72136463.pdf,984c0154791a798492c2eec7793688969da085773943449ede4c8c349042a39e,f1af3667b1db87c78adbc4534f30ed7122b74820fec30331dac392183de9942f,9150,20260915
104,snehaanbhawal/resume-dataset,https://www.kaggle.com/datasets/snehaanbhawal/resume-dataset,data/data/FITNESS/17431847.pdf,17431847,FITNESS,pdfs/17431847.pdf,ad56cc477d481608883222d2b310965fc4c2e2b37c22b3259ac1f9ab69edcab0,3ef08628b5096f85af24271f6cedc686dfdeea37f66f6e6e5fed8388883180aa,5267,20260915
105,snehaanbhawal/resume-dataset,https://www.kaggle.com/datasets/snehaanbhawal/resume-dataset,data/data/PUBLIC-RELATIONS/18436190.pdf,18436190,PUBLIC-RELATIONS,pdfs/18436190.pdf,403eb79de896d6a317004dc236b3f5b0fd3d926d8511cfb738eefa375ba4bf15,3b18343e7f512e5f519cb7e698fbd149761fe584861b3946c8ae4259b090b6c4,5292,20260915
106,snehaanbhawal/resume-dataset,https://www.kaggle.com/datasets/snehaanbhawal/resume-dataset,data/data/HEALTHCARE/32219038.pdf,32219038,HEALTHCARE,pdfs/32219038.pdf,8dff50e226d56576a2a2931ae5d164afa7a4ddcb0a9449ced62c956cde9ad3a8,61beee23c1c0bb55103a9635c8e8e791e8e20033ba1085af2e6956749191a9af,5460,20260915
107,snehaanbhawal/resume-dataset,https://www.kaggle.com/datasets/snehaanbhawal/resume-dataset,data/data/CONSTRUCTION/28756444.pdf,28756444,CONSTRUCTION,pdfs/28756444.pdf,52e28609ba37c66096a0fad61268930ebc05334d420c7c875bf6bbdcafb6d5e9,d653a7d88b0b455f19ff412ff35e9b838b21f2ddfc40ea402bc980fd70e261c0,9038,20260915
108,snehaanbhawal/resume-dataset,https://www.kaggle.com/datasets/snehaanbhawal/resume-dataset,data/data/DESIGNER/19164410.pdf,19164410,DESIGNER,pdfs/19164410.pdf,f485cdea017f164a7073e751becc8290645a09e38d03c4072bd462f5ee0a756d,00c79999352d414556c4170ab2952157577fd9e33d16c4a06218d288b0bc3247,5687,20260915
109,snehaanbhawal/resume-dataset,https://www.kaggle.com/datasets/snehaanbhawal/resume-dataset,data/data/CONSULTANT/88691367.pdf,88691367,CONSULTANT,pdfs/88691367.pdf,f5c6f9331ff1afce843e4a1828475c0fcc3baef43ef69ce4e126b02f617d77f5,a8c183944c44f11908f1e3c9fa7ff0fa03301f91083a0788ed6ffd69f280675c,5125,20260915
110,snehaanbhawal/resume-dataset,https://www.kaggle.com/datasets/snehaanbhawal/resume-dataset,data/data/AGRICULTURE/23631188.pdf,23631188,AGRICULTURE,pdfs/23631188.pdf,0555dd4aa607f0cb7a419ec0bc8e3a0d439c800c9f779bd94cf1b904fa10f629,c9a00ad3e3878871a54e7f31050c02a31a8f0791b7b14dc3d83b133e7be1790c,8889,20260915
111,snehaanbhawal/resume-dataset,https://www.kaggle.com/datasets/snehaanbhawal/resume-dataset,data/data/DESIGNER/67645662.pdf,67645662,DESIGNER,pdfs/67645662.pdf,b89ef11155011014e21f8efe17c2e933efa42e47f8e2c563a5d3083d21f8ca22,dbd38694e5685e0a5308c15faeb89b9717b042bfffbd78e7d51b1146dc557719,10009,20260915
112,snehaanbhawal/resume-dataset,https://www.kaggle.com/datasets/snehaanbhawal/resume-dataset,data/data/FINANCE/24411323.pdf,24411323,FINANCE,pdfs/24411323.pdf,5256006dcc048bc5d58b6529809fd8c46018c851f3501a11fbacb023c6350228,3c8ce85b48ebdbd34514c9ba8b77417690ead69c7723a3387864930c60bbd902,3557,20260915
113,snehaanbhawal/resume-dataset,https://www.kaggle.com/datasets/snehaanbhawal/resume-dataset,data/data/CONSTRUCTION/14585273.pdf,14585273,CONSTRUCTION,pdfs/14585273.pdf,cffb931ae48ffa615cd102bbaf6ac30125ec8cc42250733d21af04f8e35c4ead,0786b7f66256bd55e2125c6d90adcbeeaa41249234a79ac0cfdaddfeded8be67,6266,20260915
114,snehaanbhawal/resume-dataset,https://www.kaggle.com/datasets/snehaanbhawal/resume-dataset,data/data/FITNESS/11130200.pdf,11130200,FITNESS,pdfs/11130200.pdf,b920fb2ce75892229372a1c93f5b00ff895639f0050fa282face483f3a55cbed,92092a2b2eaaf87ad0f2a17467d525a4bd0d21cd94a7158d2abe8b34b99c9cd8,5657,20260915
115,snehaanbhawal/resume-dataset,https://www.kaggle.com/datasets/snehaanbhawal/resume-dataset,data/data/BUSINESS-DEVELOPMENT/24964303.pdf,24964303,BUSINESS-DEVELOPMENT,pdfs/24964303.pdf,d743d77736325048739caefbd1a8e50f545f757b96b6ab79d193b11ec51de92b,da5d16f49094f358a4c63e3952fb8cd612056b3fce80c7637676dbe39750db6a,5808,20260915
116,snehaanbhawal/resume-dataset,https://www.kaggle.com/datasets/snehaanbhawal/resume-dataset,data/data/DIGITAL-MEDIA/25723793.pdf,25723793,DIGITAL-MEDIA,pdfs/25723793.pdf,c6301de749899cda6b497c5cbb1e31604fb313707c4defbddc5f6f0e938b9602,868e105b792d9c5c4bba7da6c24bda3c03d3fa8d85cc99e45c79533ffa0471e6,5400,20260915
117,snehaanbhawal/resume-dataset,https://www.kaggle.com/datasets/snehaanbhawal/resume-dataset,data/data/AVIATION/12192507.pdf,12192507,AVIATION,pdfs/12192507.pdf,b90b597a38c3c2db41ad7067d81b5f355c963aa5797bfdaf8af9c1b60cd00ac4,24a8033185730e5c9e8b44587611608027472737f689d41bfe89071c8c370964,2236,20260915
118,snehaanbhawal/resume-dataset,https://www.kaggle.com/datasets/snehaanbhawal/resume-dataset,data/data/CONSULTANT/21512769.pdf,21512769,CONSULTANT,pdfs/21512769.pdf,0637edd957af52481c2f9db54a0a1222faf52deea514f7094c5cb9f5f9b6080d,3b9d4c5570e1cd2f5afa5b723e4bf2525efb647a448e723de939dc2858c4b3e9,4989,20260915
119,snehaanbhawal/resume-dataset,https://www.kaggle.com/datasets/snehaanbhawal/resume-dataset,data/data/PUBLIC-RELATIONS/21549195.pdf,21549195,PUBLIC-RELATIONS,pdfs/21549195.pdf,5e2de569201e0484b1b27c14a5411bb33cfd88a2b052d50d37c93429e98bf725,9b65151cd9c17e394f70d81090dc4659b7720db4ee5784707f82dc30c63b8c7b,7230,20260915
120,snehaanbhawal/resume-dataset,https://www.kaggle.com/datasets/snehaanbhawal/resume-dataset,data/data/SALES/37735467.pdf,37735467,SALES,pdfs/37735467.pdf,13057b643770163d0ac10814bbfadab0c1df5ab4a5f63389812ca26da450c074,7cd343b6361553b166fb266ec85661726971ec4fe0a6f11247b087c2a1e99bf2,5644,20260915
121,snehaanbhawal/resume-dataset,https://www.kaggle.com/datasets/snehaanbhawal/resume-dataset,data/data/FINANCE/62850928.pdf,62850928,FINANCE,pdfs/62850928.pdf,da390d0e2811d0f0c74cecacb291eff506a0a9263ac38f6666108f05f5cbdba8,fe6ce725799e402e3f2d98923a803c7b680e7c8e34390da2cbdb44dd10704ef5,5681,20260915
122,snehaanbhawal/resume-dataset,https://www.kaggle.com/datasets/snehaanbhawal/resume-dataset,data/data/DESIGNER/39252859.pdf,39252859,DESIGNER,pdfs/39252859.pdf,b9f4f2f44561e977c9c264b95bfd37f252b7b37fc64101cf5f75efc23e95dbda,ad4923ae8b6a1f04ec1fff1df7ef9f2ac723065b83b4957dae99919751104eb1,5509,20260915
123,snehaanbhawal/resume-dataset,https://www.kaggle.com/datasets/snehaanbhawal/resume-dataset,data/data/TEACHER/28772892.pdf,28772892,TEACHER,pdfs/28772892.pdf,2a3f6157081d0b51547aaff02fdc068a6d088c59bf2bc4795511ba1632f413ef,6bbb160fa2d29a72cffc1010e54b6bea4898c747e1268680167abd6b3b2502b5,7302,20260915
124,snehaanbhawal/resume-dataset,https://www.kaggle.com/datasets/snehaanbhawal/resume-dataset,data/data/BANKING/19374660.pdf,19374660,BANKING,pdfs/19374660.pdf,3ed5690255c652b3a3e37b4cf1ee9cdec807c236ae291a820c82db6ec6b2dc96,92ebbdebb352b87990c99a97e1c2d9e9d4790dac9a90b3eef9fa60c0be1ab5c0,4785,20260915
125,snehaanbhawal/resume-dataset,https://www.kaggle.com/datasets/snehaanbhawal/resume-dataset,data/data/CONSULTANT/21156767.pdf,21156767,CONSULTANT,pdfs/21156767.pdf,dfe410105b1bf38a170e17ab6dc248d1d2dc4b2d52ec88a35644662375f14d63,9d324a39065613b98fcc74516c63159642052b340d8cfa3014b421c171e17c74,5570,20260915
126,snehaanbhawal/resume-dataset,https://www.kaggle.com/datasets/snehaanbhawal/resume-dataset,data/data/ADVOCATE/23804341.pdf,23804341,ADVOCATE,pdfs/23804341.pdf,b61e4cd33870fa73f3b5e418a1fb6210377d27f1f3e400691b50c8963e81fe37,5138efe9cf92f7c42412bc33df7b684d2aa45b0d83d1806176c8cbd5db4716cc,4887,20260915
127,snehaanbhawal/resume-dataset,https://www.kaggle.com/datasets/snehaanbhawal/resume-dataset,data/data/TEACHER/19918523.pdf,19918523,TEACHER,pdfs/19918523.pdf,e18d4146f9064f44c633bb9f2e8e2616867f2be25cac7edc830471b5b36d7ac0,55a26f95e531527305b07bd12ecf5beecf1a904776ac017a3fdc61e8e0b88d00,3162,20260915
128,snehaanbhawal/resume-dataset,https://www.kaggle.com/datasets/snehaanbhawal/resume-dataset,data/data/DESIGNER/44185767.pdf,44185767,DESIGNER,pdfs/44185767.pdf,942edea5bdc1766746c829f831194dd6587b86fd5157b51da45ef0398d0be5cc,452f19a518823e194c76b17e2992c23c64b7fbe193e18c27d146a861a53ddb13,9234,20260915
129,snehaanbhawal/resume-dataset,https://www.kaggle.com/datasets/snehaanbhawal/resume-dataset,data/data/BUSINESS-DEVELOPMENT/15233524.pdf,15233524,BUSINESS-DEVELOPMENT,pdfs/15233524.pdf,ce70f6cdad7ccd38124268aaa986891e0992c388fa3f1cdbb297dbfce911e733,f2fe967c38657728ccb3794e7df88405cff8a0d4b18048d9283146d89e766074,5877,20260915
130,snehaanbhawal/resume-dataset,https://www.kaggle.com/datasets/snehaanbhawal/resume-dataset,data/data/TEACHER/25588694.pdf,25588694,TEACHER,pdfs/25588694.pdf,c115494ed7cb1223dccff25e1a9928292ec722286b77fc18a7504a7763546513,70d3cf76f1382732c8690c28365bd849d0e3ea8d280c040587b6dacaea7238a1,3511,20260915
131,snehaanbhawal/resume-dataset,https://www.kaggle.com/datasets/snehaanbhawal/resume-dataset,data/data/CONSULTANT/48533663.pdf,48533663,CONSULTANT,pdfs/48533663.pdf,74bef75552501dec6190dc35d56a18f797d49034e7651a4daf4c3230929573d5,a1b02c1e64b1bf272f668123b2d03fda3687a89f98971b6afe1517fe713ed670,6953,20260915
132,snehaanbhawal/resume-dataset,https://www.kaggle.com/datasets/snehaanbhawal/resume-dataset,data/data/BUSINESS-DEVELOPMENT/22423839.pdf,22423839,BUSINESS-DEVELOPMENT,pdfs/22423839.pdf,52f8181de3a824f69a7d2bd2a5e436a2d5a395df301726f1a5bbfd7b4ffa8885,175fcdea1ef911a2bf07fdbca5b18902b7d26222519113553e13bb0e1a74da79,4361,20260915
133,snehaanbhawal/resume-dataset,https://www.kaggle.com/datasets/snehaanbhawal/resume-dataset,data/data/AGRICULTURE/69360287.pdf,69360287,AGRICULTURE,pdfs/69360287.pdf,8c41e603864a3553f60e2930837598757c22e1a3cd9898d5ff3f5b31e4e15e12,e7df80276af5067bd6a87d68d13789c280c8668d594bfcf03df801723194bf23,8269,20260915
134,snehaanbhawal/resume-dataset,https://www.kaggle.com/datasets/snehaanbhawal/resume-dataset,data/data/HR/73077810.pdf,73077810,HR,pdfs/73077810.pdf,9a0752edd8f34ae61cb29a718ebb225b7f318a8cfc90acda4f0389ad366ef5df,57c77664613334ab33d807afde1cf0294db030edc93df5f33392b8e50b275a94,5251,20260915
135,snehaanbhawal/resume-dataset,https://www.kaggle.com/datasets/snehaanbhawal/resume-dataset,data/data/HEALTHCARE/56520872.pdf,56520872,HEALTHCARE,pdfs/56520872.pdf,05d02c292b63d2f6d4ad3455c41d339960708431238008340eedff5d2fe990e1,5fe5719b495b575300025aff215333c57d33bcdad86463b025294086c4b9456c,6104,20260915
136,snehaanbhawal/resume-dataset,https://www.kaggle.com/datasets/snehaanbhawal/resume-dataset,data/data/ADVOCATE/37348041.pdf,37348041,ADVOCATE,pdfs/37348041.pdf,6381c3da97422cb781e908f9ff7da627a31db051cc9d9b7e2a891ff9227a82f6,7ffdb5ba96c8d6d7df7072f097068da79c4020a9d5575d7a2791b0d5192048e9,5261,20260915
137,snehaanbhawal/resume-dataset,https://www.kaggle.com/datasets/snehaanbhawal/resume-dataset,data/data/PUBLIC-RELATIONS/98086373.pdf,98086373,PUBLIC-RELATIONS,pdfs/98086373.pdf,28d0932c1f982b26f5c02dcbea2d4dcee2de2c7f4805455fcaf718afd311df0a,d0d34a0b093108675ee645480b0109718c4a9cafbf4eda0049ba5d1288056c1a,5682,20260915
138,snehaanbhawal/resume-dataset,https://www.kaggle.com/datasets/snehaanbhawal/resume-dataset,data/data/SALES/18885231.pdf,18885231,SALES,pdfs/18885231.pdf,0a6d327034b2bc385862399ab38ee9b32fc7296d97fdd6f085acdc9048709d75,8f246a0d377cfc177f2c60618c5286304c404071b8eaaf962885104a9b5797bb,1928,20260915
139,snehaanbhawal/resume-dataset,https://www.kaggle.com/datasets/snehaanbhawal/resume-dataset,data/data/ARTS/12777487.pdf,12777487,ARTS,pdfs/12777487.pdf,b65aa28abe8472fbe5c04cf7daf6f212944fc924468a7e24a48dcf4f2a14b1d4,18af61f03ce27a4f23bbda6723b6810ba47ce0adb9ce54e01c44cf8ddaf27786,6182,20260915
140,snehaanbhawal/resume-dataset,https://www.kaggle.com/datasets/snehaanbhawal/resume-dataset,data/data/ADVOCATE/19518606.pdf,19518606,ADVOCATE,pdfs/19518606.pdf,96e0768a95cb1ba33aeb1ac8e0c76bc862572e23b6bd89122d45fd6244474017,ea7d22d62dcd37e698777ea8e490c4f9e3db9433f99317235ff3d5c1ef62e2cf,5599,20260915
141,snehaanbhawal/resume-dataset,https://www.kaggle.com/datasets/snehaanbhawal/resume-dataset,data/data/FITNESS/35164503.pdf,35164503,FITNESS,pdfs/35164503.pdf,4a0aa8862ce08ed729285c63f21d9af4abc67231c09c4815f0dfcda9c6b48867,d4635c8369c423b03e70b3dd21c57f91bb71aae555ece0a81e866bd3852805dd,6354,20260915
142,snehaanbhawal/resume-dataset,https://www.kaggle.com/datasets/snehaanbhawal/resume-dataset,data/data/CONSTRUCTION/27835351.pdf,27835351,CONSTRUCTION,pdfs/27835351.pdf,ba75e02c5ae89d9230623f7539063fd6f15ec6a2268d8f803891a6f1fff850a4,4265e50f02f693028f23d42aa319bd4e01ad3a18b38c6b1c95ee7bb9fdbca8aa,6916,20260915
143,snehaanbhawal/resume-dataset,https://www.kaggle.com/datasets/snehaanbhawal/resume-dataset,data/data/BUSINESS-DEVELOPMENT/61677751.pdf,61677751,BUSINESS-DEVELOPMENT,pdfs/61677751.pdf,7417062a4220119980eef2482e8f28b085a7c6b8cae53696cf12452bd4b964f8,6fd64985bdebbcad1cd4ee9dc4c582f518ac3ce271353e2edadc86477344f666,5463,20260915
144,snehaanbhawal/resume-dataset,https://www.kaggle.com/datasets/snehaanbhawal/resume-dataset,data/data/CONSTRUCTION/26509539.pdf,26509539,CONSTRUCTION,pdfs/26509539.pdf,e5a86aca5047a3a3fb477bbbe047b9950197942be87be1d025a6c5253c5a0155,835e9e794d87006c2c108e113c0cf8beb1d536557f7cfc1f23a8f23daf4f37cc,5976,20260915
145,snehaanbhawal/resume-dataset,https://www.kaggle.com/datasets/snehaanbhawal/resume-dataset,data/data/HEALTHCARE/16356151.pdf,16356151,HEALTHCARE,pdfs/16356151.pdf,931b3c17b6e0ae3b2d9f6433421ae926a12a5ab8a46b418e9b2ffb8709da5385,6a5252b38bcd3c8fdfdc45198e56e39f3d078cb7fbb5ebe59f2880a04e5e5fef,10196,20260915
146,snehaanbhawal/resume-dataset,https://www.kaggle.com/datasets/snehaanbhawal/resume-dataset,data/data/ADVOCATE/28635795.pdf,28635795,ADVOCATE,pdfs/28635795.pdf,72c708a4c3d608904f4f65e94e6399b539efb6bd01abd6478e00b889730db456,fd988fc87b6e263f0b8fe93f1f8455815a8a9628be55c6dd5c9cd2181fbc153a,5923,20260915
147,snehaanbhawal/resume-dataset,https://www.kaggle.com/datasets/snehaanbhawal/resume-dataset,data/data/CONSTRUCTION/28942221.pdf,28942221,CONSTRUCTION,pdfs/28942221.pdf,3a63ede67303f298605dc9beb9070bfc065a2ac23f97bc08abf7416e6a2801b7,521ba0c92829e01f6cab9a8f5bed45a80cd6fe270e3525b264ebda9615ce49c3,5561,20260915
148,snehaanbhawal/resume-dataset,https://www.kaggle.com/datasets/snehaanbhawal/resume-dataset,data/data/PUBLIC-RELATIONS/24559558.pdf,24559558,PUBLIC-RELATIONS,pdfs/24559558.pdf,1c84e19a2d4a40b4837188a671609afe4d7771dfd90281141b57a6bebba7c7ac,1fc7e17000c834ac0924bdebac93419cc12a84eb5a7b8f92b7a0508bd95ef235,6405,20260915
149,snehaanbhawal/resume-dataset,https://www.kaggle.com/datasets/snehaanbhawal/resume-dataset,data/data/AGRICULTURE/14140903.pdf,14140903,AGRICULTURE,pdfs/14140903.pdf,0c02445dae08d4405af0acb60a64c40e4983c5234ce18f35dccf299414ec4b25,da57c534089199d9a3b5b948b78c707758ddc6d4a215ebe7d809e15419d164fb,6757,20260915
150,snehaanbhawal/resume-dataset,https://www.kaggle.com/datasets/snehaanbhawal/resume-dataset,data/data/CONSTRUCTION/35971546.pdf,35971546,CONSTRUCTION,pdfs/35971546.pdf,a42b2362711c779b4fa3c723f6c36dc5c365f2a6c2021fbc08b69b71220a99ee,f0ea8eb8fb32a6ab443795c8c0d597c89bdd8a38d077a2dc88097597a0b9c9cd,7704,20260915
151,snehaanbhawal/resume-dataset,https://www.kaggle.com/datasets/snehaanbhawal/resume-dataset,data/data/CONSTRUCTION/33023370.pdf,33023370,CONSTRUCTION,pdfs/33023370.pdf,faa7b04ab4836ec06054c0b62245cb7a8bbc66e4127c1764e978094f098c4c22,4369f661ac12c815bbf83183e3802665028fe73728ab920e2d774f867dc0382f,5884,20260915
152,snehaanbhawal/resume-dataset,https://www.kaggle.com/datasets/snehaanbhawal/resume-dataset,data/data/FITNESS/69666645.pdf,69666645,FITNESS,pdfs/69666645.pdf,d4ebfc1ed7846eb64bd0fcf68d809020005a5f1f719dcd7199cb7336ba81796d,9f4af3bd1220766f2030240b3d51c0aeb9ac08c1d810dcec3d25deb7d1e8c2ec,3880,20260915
153,snehaanbhawal/resume-dataset,https://www.kaggle.com/datasets/snehaanbhawal/resume-dataset,data/data/AVIATION/32720816.pdf,32720816,AVIATION,pdfs/32720816.pdf,e26d9295dad2972a49950579e97535f2ceebf7283289456cc4b94922b86f9319,93ff2eca8400c16fac331d47c6243a5c082c642ed9edd56e2c0820b43c88b219,5410,20260915
154,snehaanbhawal/resume-dataset,https://www.kaggle.com/datasets/snehaanbhawal/resume-dataset,data/data/PUBLIC-RELATIONS/24977396.pdf,24977396,PUBLIC-RELATIONS,pdfs/24977396.pdf,0da95ad7ac7a89c24aeda5f482d4b8374494ac96997d4d3fd36692e1a08915b4,1294b487f6083866729e7c8d8339a1647ab46abaece9a186da39db1f802edbc8,6683,20260915
155,snehaanbhawal/resume-dataset,https://www.kaggle.com/datasets/snehaanbhawal/resume-dataset,data/data/ACCOUNTANT/31602598.pdf,31602598,ACCOUNTANT,pdfs/31602598.pdf,d7b99ecd4a31f99498153fd64f825a3bd2113875a35c82e63674586a24625d5e,a8a1b5e10529730ff483db1d95fefaccc4c5e9e761959430beb842493228fc33,5638,20260915
156,snehaanbhawal/resume-dataset,https://www.kaggle.com/datasets/snehaanbhawal/resume-dataset,data/data/PUBLIC-RELATIONS/45462344.pdf,45462344,PUBLIC-RELATIONS,pdfs/45462344.pdf,92fe52c566bd0df872cb81ae37e6e070fc5f9bea64ec2d1cb0748f4374fce985,70b6b106f555d458ff587da2734cbb3fb1c3887008929681707648705fe7bfa7,6452,20260915
157,snehaanbhawal/resume-dataset,https://www.kaggle.com/datasets/snehaanbhawal/resume-dataset,data/data/ADVOCATE/54067174.pdf,54067174,ADVOCATE,pdfs/54067174.pdf,0eb6a88e9d170e1a4af91f5c654e9b831f18ca4e1a2bd2e920e659f0d137ebef,97dad6b5728e03bcd813816606ba6e10c239035f5fcbfcff507a9e22c8423846,4090,20260915
158,snehaanbhawal/resume-dataset,https://www.kaggle.com/datasets/snehaanbhawal/resume-dataset,data/data/BANKING/19911786.pdf,19911786,BANKING,pdfs/19911786.pdf,c3c04e35dcb2c4dcfca307eff9ba6b343f5e2220f8aee6c90e50e4ead6ee585e,be7e3724e384eecdf05d1b6c9e04ea089e58debd0ca61dfc980f10601e64851a,6370,20260915
159,snehaanbhawal/resume-dataset,https://www.kaggle.com/datasets/snehaanbhawal/resume-dataset,data/data/DESIGNER/20932019.pdf,20932019,DESIGNER,pdfs/20932019.pdf,eb0388812e2cd451975057020c242e4e1b3585cad853a3cd9ece645028948652,c93f4b8d65df09fe545cff1bfa4dd9a09184dcfddcf036575a90457563bd4d1e,3130,20260915
160,snehaanbhawal/resume-dataset,https://www.kaggle.com/datasets/snehaanbhawal/resume-dataset,data/data/TEACHER/16270906.pdf,16270906,TEACHER,pdfs/16270906.pdf,5061fe6385601b1a6ef61f9f3cf40910b4ba10cf13d4ba26ceae0236bedd7fa0,8818aaf87d79656b59b340019b32e488d9376eb687a88132721f298a7c02ddf8,11535,20260915
161,snehaanbhawal/resume-dataset,https://www.kaggle.com/datasets/snehaanbhawal/resume-dataset,data/data/CONSTRUCTION/39908485.pdf,39908485,CONSTRUCTION,pdfs/39908485.pdf,e724b8285aa840e2b401097df6859fb483d4074f305cb06aeaa1761db138baf8,0c86816154bd22d4e36c3424d4c0f0f6874c3712f88e226a4fc8aba2bcf90561,31641,20260915
162,snehaanbhawal/resume-dataset,https://www.kaggle.com/datasets/snehaanbhawal/resume-dataset,data/data/APPAREL/14413257.pdf,14413257,APPAREL,pdfs/14413257.pdf,17770e3e79b83015fc81684090ce51d290af89a25e3ee7fcf8176d11d2c521af,d47df74099d90fbf0f8ec8f187d18db38a41c8a7b92f6bb88eb3991212394a06,6200,20260915
163,snehaanbhawal/resume-dataset,https://www.kaggle.com/datasets/snehaanbhawal/resume-dataset,data/data/AGRICULTURE/15546686.pdf,15546686,AGRICULTURE,pdfs/15546686.pdf,f7be60864d57b12cad5f1c9539d8ccc89b1d587b007073de30d456074d388c3e,3d274c3d7c074cb5b3784f12d6de9d03bd29a5fd73e12784412127c5e6f497a5,3661,20260915
164,snehaanbhawal/resume-dataset,https://www.kaggle.com/datasets/snehaanbhawal/resume-dataset,data/data/ARTS/36758947.pdf,36758947,ARTS,pdfs/36758947.pdf,514a42c80200f2589a05410f57ab1245b3c1ae7c3216ec6a0c17de232f8a93d0,cbbe1b4788c34de9496c624b0f6fd11e60064f96d388a691e16f31ee3badcd3b,7680,20260915
165,snehaanbhawal/resume-dataset,https://www.kaggle.com/datasets/snehaanbhawal/resume-dataset,data/data/BANKING/15856762.pdf,15856762,BANKING,pdfs/15856762.pdf,8760fe84b997e525ac3a0f44c483014ecbd51d2d1c2b612e9e62281a5adb16eb,5aef09c56defdc7dfe9d12e650eb4c87af44f86aa35997f06ec49da015abbbc9,9602,20260915
166,snehaanbhawal/resume-dataset,https://www.kaggle.com/datasets/snehaanbhawal/resume-dataset,data/data/ACCOUNTANT/25749150.pdf,25749150,ACCOUNTANT,pdfs/25749150.pdf,c4f1de0455c8d9196f2b6f9bb0b707330ce65c41406162da545806e3cfbfedb4,d282987a1d741775a8f8fb437ce3932b54251453901ad81f93f9be0656747b2a,6372,20260915
167,snehaanbhawal/resume-dataset,https://www.kaggle.com/datasets/snehaanbhawal/resume-dataset,data/data/AVIATION/26888302.pdf,26888302,AVIATION,pdfs/26888302.pdf,35fd208bca28a1bd9c37481e03f3c8f19c57581f9781c1355c9c77cb13e0ee7c,80c34f341c0ac8817ae2d5c4b8a7fe2592126cd7322b79e19ac88c1079284979,7932,20260915
168,snehaanbhawal/resume-dataset,https://www.kaggle.com/datasets/snehaanbhawal/resume-dataset,data/data/BANKING/26673507.pdf,26673507,BANKING,pdfs/26673507.pdf,c78adf5d412cbbc7520bf3b50cc55519e6cee51f0fc4ef16c51ee562f98259e8,16fca0eecf37dfe17547dcf04fdd129c5bd3f9cf03887cbf36e33d16ee0a13a0,5293,20260915
169,snehaanbhawal/resume-dataset,https://www.kaggle.com/datasets/snehaanbhawal/resume-dataset,data/data/ACCOUNTANT/19446337.pdf,19446337,ACCOUNTANT,pdfs/19446337.pdf,6995ca96ee642e496ee3c124ed94e456d7db7e41ce48a304afba980b76270ffc,7654657e89f0ae8e9edfa12ce1a53fe6d27dfd6345b7f71100723fd8f540db45,6927,20260915
170,snehaanbhawal/resume-dataset,https://www.kaggle.com/datasets/snehaanbhawal/resume-dataset,data/data/FITNESS/38650096.pdf,38650096,FITNESS,pdfs/38650096.pdf,91de0a025af9138325befb1cb3e131f9993d88ff4c896aa0bf6cd417793934fc,a46c97dcba0b524725d2313481204d433f8874244822252fccdb052e4b41e0cb,2543,20260915
171,snehaanbhawal/resume-dataset,https://www.kaggle.com/datasets/snehaanbhawal/resume-dataset,data/data/PUBLIC-RELATIONS/20966771.pdf,20966771,PUBLIC-RELATIONS,pdfs/20966771.pdf,e67ce4e65f4e368dc4130444d4215b4fb74929d59e355274098c7259407d46dc,1971f8da848be8fa7186190cdc5ab739307656fbb1304f6f71e4d0bd335eb606,5443,20260915
172,snehaanbhawal/resume-dataset,https://www.kaggle.com/datasets/snehaanbhawal/resume-dataset,data/data/BUSINESS-DEVELOPMENT/18937778.pdf,18937778,BUSINESS-DEVELOPMENT,pdfs/18937778.pdf,292dedae5494083f0e19b8c33e18117a82254f92be005fda21fd49f9ca22c84d,4f961a46841562d0c1289f74b3c06776da5df635f5663c13de153d5e8a316499,5335,20260915
173,snehaanbhawal/resume-dataset,https://www.kaggle.com/datasets/snehaanbhawal/resume-dataset,data/data/FITNESS/24767027.pdf,24767027,FITNESS,pdfs/24767027.pdf,7d33ae2645dd6bc9d8dc62deafe68437b7934b248ae98577783a721edc223241,7ce03cf3005c980e7dade78ff91ea85fbccfcb7c953bceb9a5ef0ebac4009c52,6356,20260915
174,snehaanbhawal/resume-dataset,https://www.kaggle.com/datasets/snehaanbhawal/resume-dataset,data/data/HR/26780935.pdf,26780935,HR,pdfs/26780935.pdf,022701839d19901a28a63888dbce5cc6200bc8c9f972ea85eac4714035341967,5cba180a03ec1a0648225092a9dce1e2dae41bdc55ec9c064d684a59b98a95d6,5235,20260915
175,snehaanbhawal/resume-dataset,https://www.kaggle.com/datasets/snehaanbhawal/resume-dataset,data/data/AVIATION/13234267.pdf,13234267,AVIATION,pdfs/13234267.pdf,54c40dd8fc3db76b2a20950f9f47bced575195d3281c5b96802bcf4f3dba2bfc,6dd9f34b25e7899c233c383b94a243d79f8dd0b757e85539ae934fc182325f80,9019,20260915
176,snehaanbhawal/resume-dataset,https://www.kaggle.com/datasets/snehaanbhawal/resume-dataset,data/data/FINANCE/28522529.pdf,28522529,FINANCE,pdfs/28522529.pdf,37cccf91871fb95c0213e3609f314a3d9707ddb954241f3ad7cf18a709293cbe,d5ea3e36dea3c28aa4ee882115deb75551b7c0df77e3e1aca2c287485dac3c71,5915,20260915
177,snehaanbhawal/resume-dataset,https://www.kaggle.com/datasets/snehaanbhawal/resume-dataset,data/data/FITNESS/17915015.pdf,17915015,FITNESS,pdfs/17915015.pdf,bb88b8e755a60aee5798762a39b2d35a2e593df903c9d1072a5449f8b1383780,3ad3b78fee916b39a8f64c7227ba2000a0c66e47d5da61e7b487725b5ebc0f7b,5793,20260915
178,snehaanbhawal/resume-dataset,https://www.kaggle.com/datasets/snehaanbhawal/resume-dataset,data/data/FITNESS/10235429.pdf,10235429,FITNESS,pdfs/10235429.pdf,1c52d469bc23793d45241667c71e78b8ca498bd63fac4c5c6a349f2bf1989484,761771cf71d62a9175cc8ca898725086ec56180b2fd8278555af543d9aad8c7b,6598,20260915
179,snehaanbhawal/resume-dataset,https://www.kaggle.com/datasets/snehaanbhawal/resume-dataset,data/data/HEALTHCARE/41910253.pdf,41910253,HEALTHCARE,pdfs/41910253.pdf,91fdf50d0fae452c8356396e48b001cfc5390c5a93aa2beba0515e14b84ce5d0,e1e3266aff03de317a9139675b441c23f56638f59a7b6cb770700753d42cf7d0,3546,20260915
180,snehaanbhawal/resume-dataset,https://www.kaggle.com/datasets/snehaanbhawal/resume-dataset,data/data/SALES/16280971.pdf,16280971,SALES,pdfs/16280971.pdf,ac89b388de28d09e72ae2bb32b3cd097c251cea95410db9fd9d70579b944246b,499a48949c365b074a48ecd7c0029b7d1816df7c4a6d7f7ec29756e753511f36,5840,20260915
181,snehaanbhawal/resume-dataset,https://www.kaggle.com/datasets/snehaanbhawal/resume-dataset,data/data/HR/32947778.pdf,32947778,HR,pdfs/32947778.pdf,2c6b10d4b0b5a053badca8aebd3cada36a3a76739a6dd6c894c0f76486a70a7d,0efbac117ca81ad8e38f13394f873cabaff8dc6fbef0fbeb642aee86cb3d2178,9096,20260915
182,snehaanbhawal/resume-dataset,https://www.kaggle.com/datasets/snehaanbhawal/resume-dataset,data/data/ADVOCATE/80503242.pdf,80503242,ADVOCATE,pdfs/80503242.pdf,06005758dd8eee317ff1a6217cdb6b0a28dc09c5af2d728165c7d77a94f6857c,0541a528d576085db4ec1bcaee11d5f4af3a5452bc8198a9f10ab5ce39dc98aa,5684,20260915
183,snehaanbhawal/resume-dataset,https://www.kaggle.com/datasets/snehaanbhawal/resume-dataset,data/data/CONSTRUCTION/22546476.pdf,22546476,CONSTRUCTION,pdfs/22546476.pdf,fc66458d426daafa17a82b1eaf96a68fde6b31664ab15c3723e4dff2bad147fd,8dd6c822ae3d03fe3ad11c94d2229b4444f519919282b2e7e30f99a6f09a2520,5620,20260915
184,snehaanbhawal/resume-dataset,https://www.kaggle.com/datasets/snehaanbhawal/resume-dataset,data/data/BANKING/35564026.pdf,35564026,BANKING,pdfs/35564026.pdf,7d86ff7d37fb94b390f766324dd3bf4b13e031cf0e964341a31aa9c13f2b0e44,8d96463023ccacdde237736c8e80956c2a81522e3db5bcacaad479e56b40580b,5342,20260915
185,snehaanbhawal/resume-dataset,https://www.kaggle.com/datasets/snehaanbhawal/resume-dataset,data/data/SALES/31199035.pdf,31199035,SALES,pdfs/31199035.pdf,b1571f423a782952530c411836c2e8f0630a63c61fa6dc35da0c161e4e5dece2,3f7c75e91d130e664abdbe617da31f08fa258e2026878854da740d6433563abb,5686,20260915
186,snehaanbhawal/resume-dataset,https://www.kaggle.com/datasets/snehaanbhawal/resume-dataset,data/data/HR/19717385.pdf,19717385,HR,pdfs/19717385.pdf,b18b62bfe8df93b39b7b941705b3d1464324df57be28918a2082a47eed942d65,4ce9d93624ea4258de52a547dd8ec69685c14781f344aef44d1ffa5ed131451c,7136,20260915
187,snehaanbhawal/resume-dataset,https://www.kaggle.com/datasets/snehaanbhawal/resume-dataset,data/data/CHEF/53265899.pdf,53265899,CHEF,pdfs/53265899.pdf,24831238f62931de8cd950d14b5fa1ca894baf2d6e9a235767f3bc470bb36264,91a6cb1ea932698563e3cc40867ffcd844eac3f90ba6cbbaa720f84caab3395d,7036,20260915
188,snehaanbhawal/resume-dataset,https://www.kaggle.com/datasets/snehaanbhawal/resume-dataset,data/data/CONSULTANT/80527194.pdf,80527194,CONSULTANT,pdfs/80527194.pdf,06b76fcffc544816c1e2bac3491a5731ef3a335b4913c89db417801d51490703,0126f93bf98683b6c02b5ba503507f4e3e59ed81054bccfbd1b42ac5bf18df8f,7476,20260915
189,snehaanbhawal/resume-dataset,https://www.kaggle.com/datasets/snehaanbhawal/resume-dataset,data/data/ADVOCATE/14146106.pdf,14146106,ADVOCATE,pdfs/14146106.pdf,f4ffca4fcff65b5a8e6f07a58db44833154d1d6aacc911c3b2dd96d9912391fa,f5cc41049bd48b7530ae9654c427632e31b8c2955db2a9959f452dafcf582627,6322,20260915
190,snehaanbhawal/resume-dataset,https://www.kaggle.com/datasets/snehaanbhawal/resume-dataset,data/data/ARTS/20149476.pdf,20149476,ARTS,pdfs/20149476.pdf,53eaef3a9209a3ab8c528a244ac881fc84444ae9495feee51ac84d7563f51d66,db395f1d9407db2e78f1f739adb13672198199c2b38e71d0c196fa86fe7531dd,5897,20260915
191,snehaanbhawal/resume-dataset,https://www.kaggle.com/datasets/snehaanbhawal/resume-dataset,data/data/DESIGNER/34511655.pdf,34511655,DESIGNER,pdfs/34511655.pdf,73099301957d8a02ee2cdee1ea04eb7233d3b98b4fa00cc4942af8770718663c,fe138b70df66b1bd5a0776dcb9d720dd796a09736f16158af87eb2d08aa372a8,5757,20260915
192,snehaanbhawal/resume-dataset,https://www.kaggle.com/datasets/snehaanbhawal/resume-dataset,data/data/BANKING/10329506.pdf,10329506,BANKING,pdfs/10329506.pdf,3a1cd91e81422d215a02b8d9e8294fe4f97f6f769d28cd91507b2e7d97a7c6f7,7e5683f8fc8057bcf5c7851245dabc800484dcb9dc8543cc125a1b5f454ddc5c,4848,20260915
193,snehaanbhawal/resume-dataset,https://www.kaggle.com/datasets/snehaanbhawal/resume-dataset,data/data/ENGINEERING/12022566.pdf,12022566,ENGINEERING,pdfs/12022566.pdf,35430ebbfdd2950c025e77ff4ffa034a93ac00beaca51090042cc47bd41339f5,b249227c8882111c66b233cd6ce32ecc978c84ff4c06c1ab28f3abd72b0a3b48,5708,20260915
194,snehaanbhawal/resume-dataset,https://www.kaggle.com/datasets/snehaanbhawal/resume-dataset,data/data/AVIATION/24544244.pdf,24544244,AVIATION,pdfs/24544244.pdf,41ef4e0196eb622f016aa9957735dfd020d422c384d66f0a9874048266f9fdfa,606cdcbc2709759c349326ede578c84ca7c86ec4be6730d0d64d7800e2bc8618,7227,20260915
195,snehaanbhawal/resume-dataset,https://www.kaggle.com/datasets/snehaanbhawal/resume-dataset,data/data/DIGITAL-MEDIA/24679149.pdf,24679149,DIGITAL-MEDIA,pdfs/24679149.pdf,1641d2821470449029b4c86543a65f2b211b39a6e9ae83ad0fdd22929377c8d3,2de54079cc55f08ac229559b1f86c96b8ddc8251f15ae8bd4115bf0742d4eaa6,5295,20260915
196,snehaanbhawal/resume-dataset,https://www.kaggle.com/datasets/snehaanbhawal/resume-dataset,data/data/ADVOCATE/17021141.pdf,17021141,ADVOCATE,pdfs/17021141.pdf,81b003a463931ae98bee80b7a8f5a4382d17f891042ca09567c71b8f7af10b0a,b55fe05bcb642d0726e8e87901eee4acf5b4caca4624cb3beee00feb6b970cf3,6296,20260915
197,snehaanbhawal/resume-dataset,https://www.kaggle.com/datasets/snehaanbhawal/resume-dataset,data/data/SALES/13812481.pdf,13812481,SALES,pdfs/13812481.pdf,11bd1bb537a36afd956534cb116be5fe8271975cccfd5bfcadf1459aeb20eda1,e80982da31f63548e2895e5cd445a59e7ea73a7e411cf38cce1d25d09d20d1f9,6093,20260915
198,snehaanbhawal/resume-dataset,https://www.kaggle.com/datasets/snehaanbhawal/resume-dataset,data/data/ENGINEERING/39835894.pdf,39835894,ENGINEERING,pdfs/39835894.pdf,e6cc6c4d7bf431c2b7f09b6df0b32cb6c3ea0f0c89044fb77ac8bc8974fb8acf,b1e32e4b19fe69bd6f6394a1702a966a2f4ca8775bfa75626ea9acbc9eaa60f5,6128,20260915
199,snehaanbhawal/resume-dataset,https://www.kaggle.com/datasets/snehaanbhawal/resume-dataset,data/data/TEACHER/10909720.pdf,10909720,TEACHER,pdfs/10909720.pdf,8b095aee0675822a749d04775613707caff15caa2f401aa4815dc03d0e553dd8,e0b9e99c29aeeb96546053bb6cdd46c724a0daab5366563ac47587e7cce830cd,6386,20260915
200,snehaanbhawal/resume-dataset,https://www.kaggle.com/datasets/snehaanbhawal/resume-dataset,data/data/CONSTRUCTION/18472240.pdf,18472240,CONSTRUCTION,pdfs/18472240.pdf,5e285d05c90f9b16ef9fec2aa51c7ada116823643f4f01779d67bd4c2a2d7c3c,18e781801dc8ef287a3372b34b7a9b4c224d17227ae1c7ff377f2ab156fbf5f8,1644,20260915
201,snehaanbhawal/resume-dataset,https://www.kaggle.com/datasets/snehaanbhawal/resume-dataset,data/data/ARTS/18029935.pdf,18029935,ARTS,pdfs/18029935.pdf,ee1df53365af3f7332b233b233473aaa918a0d18061e13644d7fc07630b32e87,e0a10f37ac76f921cf5387bf1bff188e7a96ab20f29bb92648e8a79c6e72599f,5090,20260915
202,snehaanbhawal/resume-dataset,https://www.kaggle.com/datasets/snehaanbhawal/resume-dataset,data/data/FINANCE/12858898.pdf,12858898,FINANCE,pdfs/12858898.pdf,544b1bb04db30b33bd0446b04fc3715cb6a53acdc37f9ba977b0c0e62c68c7c6,95495b41ad5726291a09628021ecb75041d1d4b20fd042b4bda47c0351829bbb,5729,20260915
203,snehaanbhawal/resume-dataset,https://www.kaggle.com/datasets/snehaanbhawal/resume-dataset,data/data/AVIATION/36727173.pdf,36727173,AVIATION,pdfs/36727173.pdf,39ea5ad9abb41329cad88d7c79300fd14255c7a04ab51328562ea586b2da149a,4de09652b7cd784f65f2fa0867c776fd3d0b76a68bbff8d95742e8a15e1159de,5252,20260915
204,snehaanbhawal/resume-dataset,https://www.kaggle.com/datasets/snehaanbhawal/resume-dataset,data/data/ENGINEERING/28320387.pdf,28320387,ENGINEERING,pdfs/28320387.pdf,f5ce1e0a5858efd3f2bda28276eeca64ee77741fe80114c5e1124cbb71c3ae99,3368d8183f36c892a60e583d6bdc78f60cddb6f31ee489373920681965f55743,5293,20260915
205,snehaanbhawal/resume-dataset,https://www.kaggle.com/datasets/snehaanbhawal/resume-dataset,data/data/DIGITAL-MEDIA/59011090.pdf,59011090,DIGITAL-MEDIA,pdfs/59011090.pdf,46a425106a40e8d66654e6e8b1a4d41c44c6550b4c3ff61d3e1af68205d9d0d8,f422a624e4594b561ca92ea065f76c93eced681ca11baf1ee3db4b88f0dcf533,3372,20260915
206,snehaanbhawal/resume-dataset,https://www.kaggle.com/datasets/snehaanbhawal/resume-dataset,data/data/APPAREL/16605640.pdf,16605640,APPAREL,pdfs/16605640.pdf,cc2bff803f398a05de01c9253bec41bae5457503be5acabb538fec69ab3482c1,7203eb13e1167eed35d99977263c4c98693258c9f12024c0342993544ad6df38,6588,20260915
207,snehaanbhawal/resume-dataset,https://www.kaggle.com/datasets/snehaanbhawal/resume-dataset,data/data/CONSTRUCTION/69764348.pdf,69764348,CONSTRUCTION,pdfs/69764348.pdf,c02aaddba8dabd0c32a7b6bab9dcd9403f5d2eff01a33056036ac2c28e91dced,b3843d7ba4f0040944a424977f59e09871d4d35c30d4d84be1fba1fc4efb801c,11560,20260915
208,snehaanbhawal/resume-dataset,https://www.kaggle.com/datasets/snehaanbhawal/resume-dataset,data/data/AVIATION/98389424.pdf,98389424,AVIATION,pdfs/98389424.pdf,3542f2a77544779a6e88d8142547a8af71129928be51909b10401f23ad97cc00,2969cf77789f0c5474d441f7ab6a1c9a496d3d3cf796193677ba9d04eaa0f11d,5112,20260915
209,snehaanbhawal/resume-dataset,https://www.kaggle.com/datasets/snehaanbhawal/resume-dataset,data/data/BUSINESS-DEVELOPMENT/23568641.pdf,23568641,BUSINESS-DEVELOPMENT,pdfs/23568641.pdf,b64c8d924ec4aeb74bb9c608e3f4a37cfed0d5887200fff6addd8fca8fa65ea7,cf3db9450c2ae588cae1eaedc707a19b12b3a31e2a0379f47a2edf7c4d96c6a0,3513,20260915
210,snehaanbhawal/resume-dataset,https://www.kaggle.com/datasets/snehaanbhawal/resume-dataset,data/data/AVIATION/17008356.pdf,17008356,AVIATION,pdfs/17008356.pdf,bcb2c9ee2c6e509a4827b8e6759ce54c653da9930fe99cc1521978cfa010c78c,932abea4a25d1940730016bb011a9ccf741c44db3f7c298a4e4279ec00f3670c,7938,20260915
211,snehaanbhawal/resume-dataset,https://www.kaggle.com/datasets/snehaanbhawal/resume-dataset,data/data/CONSTRUCTION/99433371.pdf,99433371,CONSTRUCTION,pdfs/99433371.pdf,1cf04917803b7f457b581df5ea5a48f4edca50d4928296619b02f791a3689c12,e95d3867941d0abb7e7ddec9c550df78d080251f56e4fa0b55b1537d4790db83,1656,20260915
212,snehaanbhawal/resume-dataset,https://www.kaggle.com/datasets/snehaanbhawal/resume-dataset,data/data/FITNESS/24219583.pdf,24219583,FITNESS,pdfs/24219583.pdf,8c3a0ba3c89b5003a1532e82c7bb92de6f3823e2404cdd6a5703edde4d713676,8a41f6024a5aca245bd9ea9375d26716436a6d71aca079402cac5a23c8234e6e,5525,20260915
213,snehaanbhawal/resume-dataset,https://www.kaggle.com/datasets/snehaanbhawal/resume-dataset,data/data/SALES/14358578.pdf,14358578,SALES,pdfs/14358578.pdf,b550b01dbd765fb4c1fab8036226e968c49ed5ca78cc13cf52ddf8f5c13ad6c3,83d68809c4fabc46ddae79d886ea8761b214a99c6ea68b4648a87363ea2190c9,6586,20260915
214,snehaanbhawal/resume-dataset,https://www.kaggle.com/datasets/snehaanbhawal/resume-dataset,data/data/ARTS/99033098.pdf,99033098,ARTS,pdfs/99033098.pdf,f8de602f532ba9cb0de56a8fa4655df110da35e2c3de23dcc7aadb910bd53409,3941aa89ef15e31b7fb10fbed7e21169e21d3c1cc0e4468c0f40c4be99ec4645,6799,20260915
215,snehaanbhawal/resume-dataset,https://www.kaggle.com/datasets/snehaanbhawal/resume-dataset,data/data/DIGITAL-MEDIA/30504149.pdf,30504149,DIGITAL-MEDIA,pdfs/30504149.pdf,1821c289ea502c9ff2553161cfc25688dfcca7be5db64f01f61163378f9974f9,81ea2aaac0fde35f1b7eba626e31ae7824e739d4d3f57ce2c21127e04223ae40,4501,20260915
216,snehaanbhawal/resume-dataset,https://www.kaggle.com/datasets/snehaanbhawal/resume-dataset,data/data/ARTS/34146825.pdf,34146825,ARTS,pdfs/34146825.pdf,8b02bedac3a81c703abd4789fc141bcb01f5a140045155c133971efb960d6013,66af3c2caf9d53e4e2b5f2247e6f4b1183695157be8f46667f178f031ca6a008,5031,20260915
217,snehaanbhawal/resume-dataset,https://www.kaggle.com/datasets/snehaanbhawal/resume-dataset,data/data/BANKING/13982572.pdf,13982572,BANKING,pdfs/13982572.pdf,105135e2f16d9188d045fc947c0d98ff02445d97baa9fb10f73ec9f72151740c,502c49708149ea06e5f5c70a4c83974be3850bf0f81a59be23402689a4f9420d,4887,20260915
218,snehaanbhawal/resume-dataset,https://www.kaggle.com/datasets/snehaanbhawal/resume-dataset,data/data/CONSTRUCTION/29087505.pdf,29087505,CONSTRUCTION,pdfs/29087505.pdf,9c10d7752c620a1b44cfeeb5eab92865d0c95dd11949a7fddbdbe544ef52ba09,bd30b482fbc568ba8c4954a040d5c14b8f69ce1e23282b1db7d48d5ca233a1e0,5342,20260915
219,snehaanbhawal/resume-dataset,https://www.kaggle.com/datasets/snehaanbhawal/resume-dataset,data/data/HR/29297973.pdf,29297973,HR,pdfs/29297973.pdf,eda166b75ae9c2c7f751a825e5cde9385cf70f76d446c1b73e3e36c25081945b,0ef680fbd2bb594723b41ea5439291e34a3d8328e5964128ab6bf4445c068f49,5705,20260915
220,snehaanbhawal/resume-dataset,https://www.kaggle.com/datasets/snehaanbhawal/resume-dataset,data/data/AVIATION/91431878.pdf,91431878,AVIATION,pdfs/91431878.pdf,2c8223451277a7fe9152b02a19ad969542b4adf2cc900dcc952d78259b95b433,2efcf7f2223321fb54818f549396a10278a6add7c765ea6a6ec96d7e6ff87caa,5406,20260915
221,snehaanbhawal/resume-dataset,https://www.kaggle.com/datasets/snehaanbhawal/resume-dataset,data/data/BUSINESS-DEVELOPMENT/20748929.pdf,20748929,BUSINESS-DEVELOPMENT,pdfs/20748929.pdf,235e9a21eb4e6f0cb4af8e6ccf3ebb130c27c2ad003eb21d6fdb87d7af8a9a64,6c18a11b1e93b6e0adda6b4b99197686f153a2273585340ebede0d7868d34882,8307,20260915
222,snehaanbhawal/resume-dataset,https://www.kaggle.com/datasets/snehaanbhawal/resume-dataset,data/data/PUBLIC-RELATIONS/14536764.pdf,14536764,PUBLIC-RELATIONS,pdfs/14536764.pdf,e14b1980d51143e3562db2676358254affaf5198ea316dedf0f46185aa3c2e0e,609b0a0583de38f006754a35339011290ad52728b08485deee0089fda79dc8c8,5520,20260915
223,snehaanbhawal/resume-dataset,https://www.kaggle.com/datasets/snehaanbhawal/resume-dataset,data/data/ACCOUNTANT/25935030.pdf,25935030,ACCOUNTANT,pdfs/25935030.pdf,98f6d565cd96854ca191bca4881a3d0a3d348c326b8f54e93e53e2030dd8c2fa,456f136d970a703a142f996c8537b1e37e45aa8e78dbd74807a72a005809d5b2,6466,20260915
224,snehaanbhawal/resume-dataset,https://www.kaggle.com/datasets/snehaanbhawal/resume-dataset,data/data/ARTS/30594821.pdf,30594821,ARTS,pdfs/30594821.pdf,c0d0118c8c4469930e75e549066ed45873fdfb35b74878e0745843c3a9b60e2c,feeec8ce96bfd56e66aca494df79d9c6f8e37d4b2a5d435ec84f16e861bd62e1,1250,20260915
225,snehaanbhawal/resume-dataset,https://www.kaggle.com/datasets/snehaanbhawal/resume-dataset,data/data/CHEF/19951766.pdf,19951766,CHEF,pdfs/19951766.pdf,cd6f696a3f9332bbe59777ca7267385037f9d87d51f70839140cdb6047959f15,888cd7a557c2cf387aa95565515e6429b7f359caf7eaf51d7cb557e8e59ad338,6288,20260915
226,snehaanbhawal/resume-dataset,https://www.kaggle.com/datasets/snehaanbhawal/resume-dataset,data/data/APPAREL/54308684.pdf,54308684,APPAREL,pdfs/54308684.pdf,073f15dcd69ec0b4e4db910fae11461e748fed0a1b2d43f06450e0bdaac8922c,224e6a00c15035c3e87c4ad0c1801b1b7943c126af1542ad3cc32450e25b1803,7907,20260915
227,snehaanbhawal/resume-dataset,https://www.kaggle.com/datasets/snehaanbhawal/resume-dataset,data/data/DESIGNER/42384185.pdf,42384185,DESIGNER,pdfs/42384185.pdf,b70d4f139df179c6ca3605cdecb5fefe01a3a12c5d307f608aa036bdcd455223,559c2bb6c23660514db124a76aae74f209a06910b1178813e0222e004ab8f41a,6401,20260915
228,snehaanbhawal/resume-dataset,https://www.kaggle.com/datasets/snehaanbhawal/resume-dataset,data/data/PUBLIC-RELATIONS/21663616.pdf,21663616,PUBLIC-RELATIONS,pdfs/21663616.pdf,7b130cc6dae2ec4a9bd820d12f8ffed55f07c6303f692ac15c48b027412e05e5,14fc31579c13cc867d44deca6f1cea94abfe06adddee89511608b3e6cde36139,7189,20260915
229,snehaanbhawal/resume-dataset,https://www.kaggle.com/datasets/snehaanbhawal/resume-dataset,data/data/FINANCE/26231609.pdf,26231609,FINANCE,pdfs/26231609.pdf,046c4edecd83c926590f8cc652a92860daaba41934358a49cb76e11e0e191a3e,b0fbb8c46c52be9cd04274269f5065a2334c74567a527935d50f9fbbfeda2291,5719,20260915
230,snehaanbhawal/resume-dataset,https://www.kaggle.com/datasets/snehaanbhawal/resume-dataset,data/data/BUSINESS-DEVELOPMENT/30938994.pdf,30938994,BUSINESS-DEVELOPMENT,pdfs/30938994.pdf,3d869a757f3224e576843a6e3fa74f3c0ae4d7457e25f9eb73e53aca6b6696bd,8f4d68d94fa93370c989cf83d60df8747a642e939d9cec1e64b5a0ff8304405a,7012,20260915
231,snehaanbhawal/resume-dataset,https://www.kaggle.com/datasets/snehaanbhawal/resume-dataset,data/data/DIGITAL-MEDIA/11677012.pdf,11677012,DIGITAL-MEDIA,pdfs/11677012.pdf,76d55f1fb0bfd0cb6cc34f30f92c16364c1abf816043ccb1fc8e993fd17027d9,842620aa1c0b55ab967a4076e10c526e0d77051ee366faf7278af44d14229f70,2744,20260915
232,snehaanbhawal/resume-dataset,https://www.kaggle.com/datasets/snehaanbhawal/resume-dataset,data/data/AVIATION/15823995.pdf,15823995,AVIATION,pdfs/15823995.pdf,5abc460a3db8632142cdf48585caa260337009241fd8436891fc1adfdb8cbcaf,f9b26ba4d1e02d6cf70f88ce55df84d0bb095eaed59bd95a5fea00bd7bdba312,7267,20260915
233,snehaanbhawal/resume-dataset,https://www.kaggle.com/datasets/snehaanbhawal/resume-dataset,data/data/INFORMATION-TECHNOLOGY/24913648.pdf,24913648,INFORMATION-TECHNOLOGY,pdfs/24913648.pdf,6392cefaecaf5938c4e3d10929cdd328a11602d973c38f3e1d6bd0da10c23376,6336697de660bf5ed1802e96d677ffff19fea86cf42e99b178fdde0e629dd8d8,7560,20260915
234,snehaanbhawal/resume-dataset,https://www.kaggle.com/datasets/snehaanbhawal/resume-dataset,data/data/CHEF/16248476.pdf,16248476,CHEF,pdfs/16248476.pdf,bdf47c7a0b1e9a79373b3ac6871b1cb43251d316b61d312133f1e4987cbe1bc5,88ff3283ffe339418a85496aa1c5c36c1d5a1d597efd52964c245d3d47879ff2,2309,20260915
235,snehaanbhawal/resume-dataset,https://www.kaggle.com/datasets/snehaanbhawal/resume-dataset,data/data/ENGINEERING/81125166.pdf,81125166,ENGINEERING,pdfs/81125166.pdf,8053a14b600e4dc6da0acc94b20fee5c15cd42b17a3117813fa71a501e1a10c7,973dc283638578a4d2f316785f7ae7c3be7aff7ee15200550a615893395c5c16,9909,20260915
236,snehaanbhawal/resume-dataset,https://www.kaggle.com/datasets/snehaanbhawal/resume-dataset,data/data/CHEF/23591247.pdf,23591247,CHEF,pdfs/23591247.pdf,8acfd916d2c8f1f956c05bd480f6795076439cf88441e09e4e3c1b7a0d0e271b,9c65babc60beedd75705aa0b27cc9fc00a7ba5eab7dd4fa3bb65180f3630c673,2329,20260915
237,snehaanbhawal/resume-dataset,https://www.kaggle.com/datasets/snehaanbhawal/resume-dataset,data/data/TEACHER/28013287.pdf,28013287,TEACHER,pdfs/28013287.pdf,f2d000cfa1d640ab984e40c01546b0a9551b197c968e86529c2d4eed7426a2ae,8a7609fce873859c4cd98ea8765bf026fc3553c6e65292c0f95227ae224dbbf2,5850,20260915
238,snehaanbhawal/resume-dataset,https://www.kaggle.com/datasets/snehaanbhawal/resume-dataset,data/data/BPO/13964744.pdf,13964744,BPO,pdfs/13964744.pdf,50304f078696866f387679ba20e3eab70c9f51a07e9b7d8c0f122d280300cbd1,228866502349364ef3723b1fc151a18bf0a6cf87ccac64e1b389327c1d7f0d79,7839,20260915
239,snehaanbhawal/resume-dataset,https://www.kaggle.com/datasets/snehaanbhawal/resume-dataset,data/data/DIGITAL-MEDIA/16536141.pdf,16536141,DIGITAL-MEDIA,pdfs/16536141.pdf,110076a0646db3f658c0f1692472f5a6155ec2fc704451e97a0a109fbd88db07,c6fac8d7592e433fa5231a12f00cb9e70c3754f6ec17ecfa0a6f4543c788c849,8186,20260915
240,snehaanbhawal/resume-dataset,https://www.kaggle.com/datasets/snehaanbhawal/resume-dataset,data/data/ADVOCATE/75435017.pdf,75435017,ADVOCATE,pdfs/75435017.pdf,ebbdc5d2da38ea2062c1af1e4a40335ff40ce5faefde8d2af2cac4393d347250,9f7ee28865c8e6f30f80f229d72c289c9ef6725de80e854ec3b322cfcaa1c7e8,8491,20260915
241,snehaanbhawal/resume-dataset,https://www.kaggle.com/datasets/snehaanbhawal/resume-dataset,data/data/BPO/31064969.pdf,31064969,BPO,pdfs/31064969.pdf,413a93453a883a5ec2c8c1b6489dee6c12f64041cc0100f8c7ea103ed951b094,fdef47f35c7d8cdaba4cf7eb86eebf2a8f4e21337044949248da7f85536d8695,6077,20260915
242,snehaanbhawal/resume-dataset,https://www.kaggle.com/datasets/snehaanbhawal/resume-dataset,data/data/SALES/37792474.pdf,37792474,SALES,pdfs/37792474.pdf,a9e82123785460b3a8c5b682220b0d908b92c2c0e195c70f86b77721cbfa4a8a,fdc2c622d2caa29291f54c52689603bda060217f6cf044ce2296aefe3c061e65,5782,20260915
243,snehaanbhawal/resume-dataset,https://www.kaggle.com/datasets/snehaanbhawal/resume-dataset,data/data/HEALTHCARE/23944036.pdf,23944036,HEALTHCARE,pdfs/23944036.pdf,1ed141c933ecdeccbd9d7b6c1b738fc680d579064134fb65526ad10a179a7eb2,809ed8dc00078166425108cf0e1d01257505e20d70f12281c0a9eccef21601c6,5747,20260915
244,snehaanbhawal/resume-dataset,https://www.kaggle.com/datasets/snehaanbhawal/resume-dataset,data/data/SALES/16511249.pdf,16511249,SALES,pdfs/16511249.pdf,8aa1ec14a2cc3f257ce340e784b759fb82473b9aca591e24d0927f8bdd6139f8,4483d86ee10d491411aeac360b9149ff4b14bc6436b8c02e3ff6f2206b00a242,6911,20260915
245,snehaanbhawal/resume-dataset,https://www.kaggle.com/datasets/snehaanbhawal/resume-dataset,data/data/BANKING/20850529.pdf,20850529,BANKING,pdfs/20850529.pdf,c9554604d8fc5ef0e438fc3eec4ab8e4daef54e236b997c13a819253f6f9dd2d,f410cf196a60038670cb5b81cb5b1a36959eecb653dbe69e11eb95d6d9d5dcbb,6908,20260915
246,snehaanbhawal/resume-dataset,https://www.kaggle.com/datasets/snehaanbhawal/resume-dataset,data/data/AGRICULTURE/16172429.pdf,16172429,AGRICULTURE,pdfs/16172429.pdf,8d1390fe15dee93f5fff8408f6ed57c14810976a9e9f43708d1dfac0524eefa7,ca1d4bd1d99e9a5c31a63aff9b2b8f762a275ea3bfdf8d47f01b3f33d0dfde8c,6269,20260915
247,snehaanbhawal/resume-dataset,https://www.kaggle.com/datasets/snehaanbhawal/resume-dataset,data/data/PUBLIC-RELATIONS/34712719.pdf,34712719,PUBLIC-RELATIONS,pdfs/34712719.pdf,9b2f72088a13b5d44b320dddfa58ff0424c29c029bb6c66ccf0268f0b20b7367,50504c2e9d2781c12b5dabe95e300ee73715fed098da624ad3ee6edb1b2b7e97,5554,20260915
248,snehaanbhawal/resume-dataset,https://www.kaggle.com/datasets/snehaanbhawal/resume-dataset,data/data/SALES/22319662.pdf,22319662,SALES,pdfs/22319662.pdf,15b57e5216e3ddab66de4954c8cc9ceac809f000c271b6b6853708a33e93553d,b9e6402a83546a55ff658a7da5d2484486199f6d6522ea912287615dc8d029f3,2338,20260915
249,snehaanbhawal/resume-dataset,https://www.kaggle.com/datasets/snehaanbhawal/resume-dataset,data/data/FITNESS/12791244.pdf,12791244,FITNESS,pdfs/12791244.pdf,42b97b7cbee00cfc55ef4e209cd488c7a1d08650847e622bd00666697c5a4ee2,fb20d5ff8627caa12b5afdd61e606c1cfbe7417a663d13e7b5efcea88adb97c8,4340,20260915
250,snehaanbhawal/resume-dataset,https://www.kaggle.com/datasets/snehaanbhawal/resume-dataset,data/data/FITNESS/27397245.pdf,27397245,FITNESS,pdfs/27397245.pdf,2eceb69ec7a5c74f1f3bde0da62963785628d9af0a9c9d1e9648c2c353fe3593,79f0781982df9058a816631079afee48461c2314f908c3a79256f6040e251ef0,5094,20260915
251,snehaanbhawal/resume-dataset,https://www.kaggle.com/datasets/snehaanbhawal/resume-dataset,data/data/TEACHER/14958913.pdf,14958913,TEACHER,pdfs/14958913.pdf,c2999f910f744c7e60f4c4630a904036486824e0c89ea71901d30aa8a086446f,597f3e95995b1ed45d09d60cc39c291e91f82373b8067b84294bc2a727a86484,5200,20260915
252,snehaanbhawal/resume-dataset,https://www.kaggle.com/datasets/snehaanbhawal/resume-dataset,data/data/ARTS/23752500.pdf,23752500,ARTS,pdfs/23752500.pdf,bd807c442a74b08390f6fa1c0e1ac9009f008b6ee175ac0d7d73a8f15be29fa4,0a2d62b1bc01cd47717ecc1c081d0d9aa33a824a001f5b427b9e841848675630,7760,20260915
253,snehaanbhawal/resume-dataset,https://www.kaggle.com/datasets/snehaanbhawal/resume-dataset,data/data/INFORMATION-TECHNOLOGY/27295996.pdf,27295996,INFORMATION-TECHNOLOGY,pdfs/27295996.pdf,df3be688bedb2ab43489e514e9d0ea8324948fad71ce4aadd32ed2fb10bc9bd8,73a4a3bbb5bbb9b703c952ab7a59768d63866535e8b09b5b3e967a47f62e50b3,7491,20260915
254,snehaanbhawal/resume-dataset,https://www.kaggle.com/datasets/snehaanbhawal/resume-dataset,data/data/ACCOUNTANT/49204385.pdf,49204385,ACCOUNTANT,pdfs/49204385.pdf,6181527642789bde2b54a35b56d9c7462fd1f018f0645d362111a2e58d21f6d2,e0167b686a47f225ef046b5b6cdb19658a2f3e809080296ae87c6f1e3dc64048,13072,20260915
255,snehaanbhawal/resume-dataset,https://www.kaggle.com/datasets/snehaanbhawal/resume-dataset,data/data/CONSULTANT/31217840.pdf,31217840,CONSULTANT,pdfs/31217840.pdf,f02decf3efd77c42b2c8a25edee027e40afd695163843e8dc1f05b023d77d135,8332a20df8f9958daa3091b453cdd2d5d876443c02c20eca961adad92d9fb3e7,11306,20260915
256,snehaanbhawal/resume-dataset,https://www.kaggle.com/datasets/snehaanbhawal/resume-dataset,data/data/HEALTHCARE/26585242.pdf,26585242,HEALTHCARE,pdfs/26585242.pdf,3c8fdd10974a66c6dbec6d81eff5b95d8c418952002ebc962e979f3898099b0b,2fe09e49dab7172ace989d6f8fec42b0e5dfdad3283d8dd3580add3c44ef34ea,5666,20260915
257,snehaanbhawal/resume-dataset,https://www.kaggle.com/datasets/snehaanbhawal/resume-dataset,data/data/DESIGNER/34657584.pdf,34657584,DESIGNER,pdfs/34657584.pdf,790bc4d165eae4c0fb6add342397dbc5eb1a316cb39e6cb7457cb9692012d532,b8a6058ba82bc4e303afeb284baeb624bf2bc68ead9242af19d674c8e874b13d,6184,20260915
258,snehaanbhawal/resume-dataset,https://www.kaggle.com/datasets/snehaanbhawal/resume-dataset,data/data/SALES/28139742.pdf,28139742,SALES,pdfs/28139742.pdf,d941b4414f21e19615954c34f1e8ec88e5bbb1298cb3de18ae91b04f49c762ae,729aefc7e3863db526ed5c4591296b989c9578af789cb8ab693d27108d3d216f,8210,20260915
259,snehaanbhawal/resume-dataset,https://www.kaggle.com/datasets/snehaanbhawal/resume-dataset,data/data/BANKING/33370664.pdf,33370664,BANKING,pdfs/33370664.pdf,8c52b7468592830a4947ea391abd061476af9653de37b9eae1f3f5638c147188,31fadf600b10080c4231e3b6103edecccd43b34df53fe58b86683ccfe67b22a0,7345,20260915
260,snehaanbhawal/resume-dataset,https://www.kaggle.com/datasets/snehaanbhawal/resume-dataset,data/data/SALES/19147494.pdf,19147494,SALES,pdfs/19147494.pdf,48e6e1aeadd24ceb400a70eddc8dfb3fc1e84dddc54fac4ef40bdcd12118d718,ee0aa9f4c0a200d101aa739e0cf7522e41047a40374ab7df31ef538e95dc50df,6405,20260915
261,snehaanbhawal/resume-dataset,https://www.kaggle.com/datasets/snehaanbhawal/resume-dataset,data/data/CHEF/26189601.pdf,26189601,CHEF,pdfs/26189601.pdf,339ed4b4b16b5ecac931127897a3a8ae18531e48b111b67f4b83757e1a253305,2f6d1be0f9e43c287a8883fa1c2863aba74eb6e2b67f2b08a2d460cea8402c35,5351,20260915
262,snehaanbhawal/resume-dataset,https://www.kaggle.com/datasets/snehaanbhawal/resume-dataset,data/data/PUBLIC-RELATIONS/13129275.pdf,13129275,PUBLIC-RELATIONS,pdfs/13129275.pdf,e99dc09304b163a0bcda6f2c015d522114a7ed2d99b77c8e322c241ebdf9d11f,9075370bc87ecdcca8cbb932df90e3facdd51493522c41625b39955fed3c7540,6197,20260915
263,snehaanbhawal/resume-dataset,https://www.kaggle.com/datasets/snehaanbhawal/resume-dataset,data/data/ACCOUNTANT/15289348.pdf,15289348,ACCOUNTANT,pdfs/15289348.pdf,8ae994971379285cfed9f2afb8fbf520dac053d401c2e346b8857dc90c38e6cb,a6557e49f3fee51cce899db212a8d271feec84d01d0661ed07d55fe7432e893f,9554,20260915
264,snehaanbhawal/resume-dataset,https://www.kaggle.com/datasets/snehaanbhawal/resume-dataset,data/data/HEALTHCARE/54934269.pdf,54934269,HEALTHCARE,pdfs/54934269.pdf,1ae4994e9364c6c1b470b7aac9af9e36f9b91c8bebee98dd2c713aa3c8eac480,1c93f008b4a2442d29dcc78b059a796643887c13c5c6a4f1d2ff3acfc50fb3c1,7125,20260915
265,snehaanbhawal/resume-dataset,https://www.kaggle.com/datasets/snehaanbhawal/resume-dataset,data/data/AVIATION/42546558.pdf,42546558,AVIATION,pdfs/42546558.pdf,e2c47d66c2ac0077525e235cb0db8f4799c7bd7577883cb8f8236e818d533ba5,b89f5dc67d65b5a0f8a0c8c8be449bbdb36d09f9c710964115d056e876d0caa2,5961,20260915
266,snehaanbhawal/resume-dataset,https://www.kaggle.com/datasets/snehaanbhawal/resume-dataset,data/data/HR/13376919.pdf,13376919,HR,pdfs/13376919.pdf,0e873b5f92c0c892c2b49d4978afe8ce1c6318dee3f361c82bd0cdd9b344d497,da102d3f6b72cbea47fe64beecb3c52f3ff10433d349f7d0b227c5c12b1fcfcf,5109,20260915
267,snehaanbhawal/resume-dataset,https://www.kaggle.com/datasets/snehaanbhawal/resume-dataset,data/data/HEALTHCARE/20748468.pdf,20748468,HEALTHCARE,pdfs/20748468.pdf,6be0f5421786884edc72f854d397c56fc26dde080aa720bd60ed355249cad2a8,c20ecf196f2c177680256f2e9bf011833db5d924fc9f87c01770bc693620d18c,11013,20260915
268,snehaanbhawal/resume-dataset,https://www.kaggle.com/datasets/snehaanbhawal/resume-dataset,data/data/FITNESS/67032711.pdf,67032711,FITNESS,pdfs/67032711.pdf,9a960f1330d63ad6995482c0eaa92673a5ec57ebe26d112416fe4255ce36fea2,d4c3886a0691e51cfbbcc82d34d2d9d3bedc6097f78208f22814e381c8741800,5457,20260915
269,snehaanbhawal/resume-dataset,https://www.kaggle.com/datasets/snehaanbhawal/resume-dataset,data/data/ADVOCATE/17847636.pdf,17847636,ADVOCATE,pdfs/17847636.pdf,42eb49098da97369e6dcef71530a4ab73ed0c6b8bf5cbf1b39d7f373cd14d8f4,f80923b37e051ce36fc12c581549c1f74eadb8eea8f90212c55ad7ce191db8e0,5715,20260915
270,snehaanbhawal/resume-dataset,https://www.kaggle.com/datasets/snehaanbhawal/resume-dataset,data/data/CONSULTANT/23302948.pdf,23302948,CONSULTANT,pdfs/23302948.pdf,db2bb2af6b44dfe88428eaa3718d7593e4760ddf625e7c13044cccd1f0b02e41,6022742e3f90d221a478ebe8fee20918b3e575c3ef769344cbd392418fec85df,8890,20260915
271,snehaanbhawal/resume-dataset,https://www.kaggle.com/datasets/snehaanbhawal/resume-dataset,data/data/AGRICULTURE/18264694.pdf,18264694,AGRICULTURE,pdfs/18264694.pdf,94018bcd4404b6926c7772ff4638608c7cbeab36dcaa50912e6ccf6d09c829d4,b846a0e46c721c2ed9574c7b5c35884d68ad5c57f6a5a82e94f9986cc038839d,12879,20260915
272,snehaanbhawal/resume-dataset,https://www.kaggle.com/datasets/snehaanbhawal/resume-dataset,data/data/APPAREL/26098594.pdf,26098594,APPAREL,pdfs/26098594.pdf,6cba95118e4279dd7c1f95fb45431fd2954a11009baadadd58f2a0adaac05b0d,c1b07369c9b9e6dbcfe72957ba6b52f3afbee6e67da07476b4afeb9b3562c060,6360,20260915
273,snehaanbhawal/resume-dataset,https://www.kaggle.com/datasets/snehaanbhawal/resume-dataset,data/data/ADVOCATE/31040875.pdf,31040875,ADVOCATE,pdfs/31040875.pdf,e146b839b702753b6bf81a71cd73cc40b178565274e5c64b00efca0466ed36f8,524187beffa3e3a05c66d6004a39fec8856f31cf42c56fc759e2cf7e028cd36c,2989,20260915
274,snehaanbhawal/resume-dataset,https://www.kaggle.com/datasets/snehaanbhawal/resume-dataset,data/data/HR/30862904.pdf,30862904,HR,pdfs/30862904.pdf,94522797b6cde0c01a9921015db14a0154872eade03fa5fb1e392731fa250366,b573ec42900e0f73c8f2f66cea3fadd476d0c0bcbbbdd6e6cc4171d0dc233e96,7044,20260915
275,snehaanbhawal/resume-dataset,https://www.kaggle.com/datasets/snehaanbhawal/resume-dataset,data/data/CHEF/35157762.pdf,35157762,CHEF,pdfs/35157762.pdf,ce1ce2403703e54b799b0293c60add696755d66dcba92c90da44569db52232e0,2ffe11dd03dc068681de9b43ca8a0ccb7c3c47b6779823ef84219fb0342f2f62,5809,20260915
276,snehaanbhawal/resume-dataset,https://www.kaggle.com/datasets/snehaanbhawal/resume-dataset,data/data/AGRICULTURE/20006992.pdf,20006992,AGRICULTURE,pdfs/20006992.pdf,b1d162feaa1713a7d158842e286355b0e2e6c1f0b72da5acbbf334f26b6252e1,363f6faa3b871c5cd8832ef247d5826ed523fc217276d240137f2d8470fdd8fa,6152,20260915
277,snehaanbhawal/resume-dataset,https://www.kaggle.com/datasets/snehaanbhawal/resume-dataset,data/data/ACCOUNTANT/14470533.pdf,14470533,ACCOUNTANT,pdfs/14470533.pdf,d45961df62db6cfd5c50b15ba221672739c44c6d3dbd4d15d320514a6167daef,925c4409e70636ae8de35493697f99911399e268e063c479d248a6066ce676c3,6513,20260915
278,snehaanbhawal/resume-dataset,https://www.kaggle.com/datasets/snehaanbhawal/resume-dataset,data/data/HR/26202430.pdf,26202430,HR,pdfs/26202430.pdf,29d3d7b2e31c17092ca2c0016c4651f0156e6bccb0783c23c0ddd84337c52a79,7601c6bd0c8ddb084d5caa443d460b07550a17a8691a346ee79476870216a987,8621,20260915
279,snehaanbhawal/resume-dataset,https://www.kaggle.com/datasets/snehaanbhawal/resume-dataset,data/data/PUBLIC-RELATIONS/14611516.pdf,14611516,PUBLIC-RELATIONS,pdfs/14611516.pdf,3a2a9e9d2f18a72d97cc42b46e3a93f3ff21b6980280f80270378fcabc90c728,4b30203e24dabf539dc7eea0db77866f4258f477e79f2aec333a76777988b812,8531,20260915
280,snehaanbhawal/resume-dataset,https://www.kaggle.com/datasets/snehaanbhawal/resume-dataset,data/data/APPAREL/23719943.pdf,23719943,APPAREL,pdfs/23719943.pdf,e0666811c71f4f68f083145fbf447432551dceab2e8f3feb3e9390a6c91e9887,d9add451343e2efdbe6e15a319235444864d5474e121afbe76e7b3cf9f4371e0,5636,20260915
281,snehaanbhawal/resume-dataset,https://www.kaggle.com/datasets/snehaanbhawal/resume-dataset,data/data/INFORMATION-TECHNOLOGY/57002858.pdf,57002858,INFORMATION-TECHNOLOGY,pdfs/57002858.pdf,bc033b0a986993e22b82a71a79375a88998ae210299d375d7a168a12dce32a83,409ab86c35a77bc5e29d159f00c2fdfc7b0eb11d3cb5e5287874bc4aa7595e79,5439,20260915
282,snehaanbhawal/resume-dataset,https://www.kaggle.com/datasets/snehaanbhawal/resume-dataset,data/data/CONSULTANT/17025292.pdf,17025292,CONSULTANT,pdfs/17025292.pdf,56fb4f14a634f1ff08bcedf11f06ac3cea6c8a9d16a6ef39410fb7489dbe8508,4dc1654f24c49fc62d347a9a65e7ae2ba8fff0ffb17a4d89deb0e56b8a16321c,5906,20260915
283,snehaanbhawal/resume-dataset,https://www.kaggle.com/datasets/snehaanbhawal/resume-dataset,data/data/BUSINESS-DEVELOPMENT/11551946.pdf,11551946,BUSINESS-DEVELOPMENT,pdfs/11551946.pdf,6fdeaeae9292e35ef9b597b34e6d31dfb3beb3a7f94b0da72c2ca537b63fc147,7acf808f2d1e5fea99324a2db5088284459a7c3c2fbb7461a039b02283255594,7871,20260915
284,snehaanbhawal/resume-dataset,https://www.kaggle.com/datasets/snehaanbhawal/resume-dataset,data/data/INFORMATION-TECHNOLOGY/89413122.pdf,89413122,INFORMATION-TECHNOLOGY,pdfs/89413122.pdf,a56c1094a07c28d4c3c05e503825b6cb0fb2d3a86cc173688ba39855219120a1,f359031d4e41a1d3af99514113946ec6de3d157ef9b9c09637ba1932657b0a5d,5411,20260915
285,snehaanbhawal/resume-dataset,https://www.kaggle.com/datasets/snehaanbhawal/resume-dataset,data/data/AVIATION/10176815.pdf,10176815,AVIATION,pdfs/10176815.pdf,26ea30f92442efc214bf557ed2d78ef06a7b0e6375fd422b10c1bcf700845766,290a556760e02653b7cf6a1076df4e9774778aeb9f9635a6a5462a018f0a33ed,5888,20260915
286,snehaanbhawal/resume-dataset,https://www.kaggle.com/datasets/snehaanbhawal/resume-dataset,data/data/APPAREL/12860543.pdf,12860543,APPAREL,pdfs/12860543.pdf,eb55201c413d8edf0a3313b80c47844d36ead094977aabb426d455656be8554b,f6d8c29b8261853be6d91a3aae67b4d2cc58c7d3e54645f5924bebd53ae8ce5e,6481,20260915
287,snehaanbhawal/resume-dataset,https://www.kaggle.com/datasets/snehaanbhawal/resume-dataset,data/data/CONSULTANT/95350373.pdf,95350373,CONSULTANT,pdfs/95350373.pdf,865e9b70844a2a161281361cae04663998204bc863e9d4a6dbf3cc700a9cf5c5,c0578e03f4953b406724da6d71d7062a96aa2145a54ba00824ab82a9b7e316b3,4968,20260915
288,snehaanbhawal/resume-dataset,https://www.kaggle.com/datasets/snehaanbhawal/resume-dataset,data/data/HR/18557164.pdf,18557164,HR,pdfs/18557164.pdf,d60898bf38b721b8db9be59f85b819905292fa35b3551826cfb247cc31aa5bf2,9a93992d51c66b394816f55e6b5ab626f8fd6777dab67c2d6264779d038d3443,5258,20260915
289,snehaanbhawal/resume-dataset,https://www.kaggle.com/datasets/snehaanbhawal/resume-dataset,data/data/FITNESS/12923795.pdf,12923795,FITNESS,pdfs/12923795.pdf,066d6f9b33b80ae6dd8fd8bdd5f155430d69e3fe2a228644f156cbe2366b892f,cd41b465bf0dff20e663d5db6a803bd0860b671ef7fa06eb06213e85ea0de41b,9522,20260915
290,snehaanbhawal/resume-dataset,https://www.kaggle.com/datasets/snehaanbhawal/resume-dataset,data/data/TEACHER/10527994.pdf,10527994,TEACHER,pdfs/10527994.pdf,7c8c1cbe5e45f0ba89b4f5255001ccdc006185bc714d03b786d8384fe1441fb8,ef4493fe64d4ec271d112af648e802cc1be9e4f687f08d3b340c1197ee858a8b,1757,20260915
291,snehaanbhawal/resume-dataset,https://www.kaggle.com/datasets/snehaanbhawal/resume-dataset,data/data/ENGINEERING/28630325.pdf,28630325,ENGINEERING,pdfs/28630325.pdf,385adcb8a82fd2317eb351bd72f4e7be98ce722e9a5a06d0f603e5ce9555eed5,638659d175d00bc470ff0f40e6a22a05c5485027ee1e518f6c01dcfed255401b,2902,20260915
292,snehaanbhawal/resume-dataset,https://www.kaggle.com/datasets/snehaanbhawal/resume-dataset,data/data/TEACHER/22884757.pdf,22884757,TEACHER,pdfs/22884757.pdf,1e32c39e1d7b2ed8dfeeab443b84b08a8fb3d6abc520574d13d7955fe0663ecc,6fca2f319eb3af7489609d5ed3b660ae104a03ab05fd20e4f37a937589d675a1,3075,20260915
293,snehaanbhawal/resume-dataset,https://www.kaggle.com/datasets/snehaanbhawal/resume-dataset,data/data/ADVOCATE/11963737.pdf,11963737,ADVOCATE,pdfs/11963737.pdf,9ee3eaa1bf0507fc37cae9f26be18a306effd24ca207b8db69bcbb624517e8cc,475319b702d1c89463d925c471d91721533fbfbf746130abbf2423b53c2d2782,5164,20260915
294,snehaanbhawal/resume-dataset,https://www.kaggle.com/datasets/snehaanbhawal/resume-dataset,data/data/INFORMATION-TECHNOLOGY/91121135.pdf,91121135,INFORMATION-TECHNOLOGY,pdfs/91121135.pdf,0b2983765b09c3cdf1daece1b69937b255cef07414f7cabe69bfe7582bea4a5b,bc7c832aa86063058878b14475e2e5bb141b0cdf9b8e687a44f6c745815d5d6d,7569,20260915
295,snehaanbhawal/resume-dataset,https://www.kaggle.com/datasets/snehaanbhawal/resume-dataset,data/data/ADVOCATE/19926135.pdf,19926135,ADVOCATE,pdfs/19926135.pdf,05e37bf7e55c479e0371b2935e782a39b9ed1a9b7553303266f2914d8ee7277a,cc166162612321ba16f7de79d71e75262d222939ede2ea8d393479a1d04003a1,5886,20260915
296,snehaanbhawal/resume-dataset,https://www.kaggle.com/datasets/snehaanbhawal/resume-dataset,data/data/CHEF/29775391.pdf,29775391,CHEF,pdfs/29775391.pdf,07376135bef77310a1804eaff4a2638c189ca0974ae6b89894f4ac1f840df52f,3d5cad9fe4f0ffe883c4a7be6e021e35eb8abf6626392fd55b25eb119a6cf24a,9911,20260915
297,snehaanbhawal/resume-dataset,https://www.kaggle.com/datasets/snehaanbhawal/resume-dataset,data/data/AGRICULTURE/16849128.pdf,16849128,AGRICULTURE,pdfs/16849128.pdf,4f351e84259cd5383adace6faff8aa11eeeb65bbde58823bbc8beece03a8943c,8a70e8c34d6dbd7b3178b7fcfbb979aa7bcf84d06759b35b1f3570e7d58a95f3,2824,20260915
298,snehaanbhawal/resume-dataset,https://www.kaggle.com/datasets/snehaanbhawal/resume-dataset,data/data/INFORMATION-TECHNOLOGY/52618188.pdf,52618188,INFORMATION-TECHNOLOGY,pdfs/52618188.pdf,94607550f3a9569d7c13ada753ed6a4433cbc079cb0ed7ef42d79c170a91fac8,7f4bf93de2f5c472cb965f8d3a0ad9e791fe28b23697d38e655a8d513957ac89,11379,20260915
299,snehaanbhawal/resume-dataset,https://www.kaggle.com/datasets/snehaanbhawal/resume-dataset,data/data/PUBLIC-RELATIONS/28975482.pdf,28975482,PUBLIC-RELATIONS,pdfs/28975482.pdf,1b8c107fa050c2014f8f866d4957d56bba2666a34378ef0ad0d8c0212686c51a,fe1182d684261edb102175c162fdc1ba7c63c8966c2abfe8023a8b43922fdbb8,6005,20260915
300,snehaanbhawal/resume-dataset,https://www.kaggle.com/datasets/snehaanbhawal/resume-dataset,data/data/ACCOUNTANT/11759079.pdf,11759079,ACCOUNTANT,pdfs/11759079.pdf,e4fb24b901eb6c9b20b7bd22fc2c49964cab20a96b97add053fed510767f7436,37478b27fc524b4b6ace607860da89cfbe7a6e9e9a91e4b2b8b6a3c500a4b760,6239,20260915
