pair_id,jd_id,job_title,job_url,job_text_sha256,fit_group,baseline_fit_score,baseline_decision,source_id,source_category,archive_entry,clean_pdf,clean_pdf_sha256,clean_extracted_text,baseline_result,source_pages,lexical_rank
jd_01_r01,jd_01,Graphic Designer,https://jobs.lever.co/bespokepost/556dedb6-cb03-40f8-a4b3-45c2d5e0fd66,c12bd47de0ef401c551297a3f9bf763e0f8fa4f9212e7d1ce10f0fcb0b1aeb4f,likely_fit,75,pass,27921561,DIGITAL-MEDIA,data/data/DIGITAL-MEDIA/27921561.pdf,clean_pdfs/jd_01/jd_01_r01_27921561.pdf,923a9faa7c9a4e60e8433a782c40afada6a76daedc2d484b3f855d9d36ef7240,candidate_text/27921561.txt,candidate_screening/jd_01_27921561.json,2,2
jd_01_r02,jd_01,Graphic Designer,https://jobs.lever.co/bespokepost/556dedb6-cb03-40f8-a4b3-45c2d5e0fd66,c12bd47de0ef401c551297a3f9bf763e0f8fa4f9212e7d1ce10f0fcb0b1aeb4f,likely_fit,75,pass,26676567,DESIGNER,data/data/DESIGNER/26676567.pdf,clean_pdfs/jd_01/jd_01_r02_26676567.pdf,9ca7d3a07e9950cccea80e46524ef98a941442ca1e0d6942d2cbd9edb028298d,candidate_text/26676567.txt,candidate_screening/jd_01_26676567.json,5,4
jd_01_r03,jd_01,Graphic Designer,https://jobs.lever.co/bespokepost/556dedb6-cb03-40f8-a4b3-45c2d5e0fd66,c12bd47de0ef401c551297a3f9bf763e0f8fa4f9212e7d1ce10f0fcb0b1aeb4f,likely_fit,75,pass,15425154,DESIGNER,data/data/DESIGNER/15425154.pdf,clean_pdfs/jd_01/jd_01_r03_15425154.pdf,3d0567003171f122bb68026b97bd398b9f3c3efbdc925c7f80e94a5eb66adcf2,candidate_text/15425154.txt,candidate_screening/jd_01_15425154.json,2,5
jd_01_r04,jd_01,Graphic Designer,https://jobs.lever.co/bespokepost/556dedb6-cb03-40f8-a4b3-45c2d5e0fd66,c12bd47de0ef401c551297a3f9bf763e0f8fa4f9212e7d1ce10f0fcb0b1aeb4f,likely_fit,75,pass,22560013,PUBLIC-RELATIONS,data/data/PUBLIC-RELATIONS/22560013.pdf,clean_pdfs/jd_01/jd_01_r04_22560013.pdf,e8896ecf52edac5d06097c277a622a1efc02f3325603b4947166c6bcab2347f8,candidate_text/22560013.txt,candidate_screening/jd_01_22560013.json,2,7
jd_01_r05,jd_01,Graphic Designer,https://jobs.lever.co/bespokepost/556dedb6-cb03-40f8-a4b3-45c2d5e0fd66,c12bd47de0ef401c551297a3f9bf763e0f8fa4f9212e7d1ce10f0fcb0b1aeb4f,likely_fit,72,pass,25422388,DESIGNER,data/data/DESIGNER/25422388.pdf,clean_pdfs/jd_01/jd_01_r05_25422388.pdf,0ff93283a84502de85652e091d2949e0d555f5245e41d34e03a30f7832c99686,candidate_text/25422388.txt,candidate_screening/jd_01_25422388.json,2,3
jd_01_r06,jd_01,Graphic Designer,https://jobs.lever.co/bespokepost/556dedb6-cb03-40f8-a4b3-45c2d5e0fd66,c12bd47de0ef401c551297a3f9bf763e0f8fa4f9212e7d1ce10f0fcb0b1aeb4f,likely_nonfit,65,fail,26046064,DESIGNER,data/data/DESIGNER/26046064.pdf,clean_pdfs/jd_01/jd_01_r06_26046064.pdf,88288c67061b5b7ca63e1c260eda367d2df7f8d64a3b32cbd9b59d9d6489613b,candidate_text/26046064.txt,candidate_screening/jd_01_26046064.json,1,1
jd_01_r07,jd_01,Graphic Designer,https://jobs.lever.co/bespokepost/556dedb6-cb03-40f8-a4b3-45c2d5e0fd66,c12bd47de0ef401c551297a3f9bf763e0f8fa4f9212e7d1ce10f0fcb0b1aeb4f,likely_nonfit,65,fail,25061645,DESIGNER,data/data/DESIGNER/25061645.pdf,clean_pdfs/jd_01/jd_01_r07_25061645.pdf,47feff95469734fe15170b6c301806148174aeac67a2b3965f54412a41dbe250,candidate_text/25061645.txt,candidate_screening/jd_01_25061645.json,1,6
jd_01_r08,jd_01,Graphic Designer,https://jobs.lever.co/bespokepost/556dedb6-cb03-40f8-a4b3-45c2d5e0fd66,c12bd47de0ef401c551297a3f9bf763e0f8fa4f9212e7d1ce10f0fcb0b1aeb4f,likely_nonfit,65,fail,22506245,DESIGNER,data/data/DESIGNER/22506245.pdf,clean_pdfs/jd_01/jd_01_r08_22506245.pdf,4d889c22faa6c0de872704b9477eda21f2899a3c1f18d315b7f46377f36e699d,candidate_text/22506245.txt,candidate_screening/jd_01_22506245.json,1,10
jd_01_r09,jd_01,Graphic Designer,https://jobs.lever.co/bespokepost/556dedb6-cb03-40f8-a4b3-45c2d5e0fd66,c12bd47de0ef401c551297a3f9bf763e0f8fa4f9212e7d1ce10f0fcb0b1aeb4f,likely_nonfit,65,fail,21916744,DESIGNER,data/data/DESIGNER/21916744.pdf,clean_pdfs/jd_01/jd_01_r09_21916744.pdf,fc6f1c2d37ce558ada85b3f8dbd689c570bace4e0efd08d46d22e027c7e1eee9,candidate_text/21916744.txt,candidate_screening/jd_01_21916744.json,1,11
jd_01_r10,jd_01,Graphic Designer,https://jobs.lever.co/bespokepost/556dedb6-cb03-40f8-a4b3-45c2d5e0fd66,c12bd47de0ef401c551297a3f9bf763e0f8fa4f9212e7d1ce10f0fcb0b1aeb4f,likely_nonfit,65,fail,24285142,DESIGNER,data/data/DESIGNER/24285142.pdf,clean_pdfs/jd_01/jd_01_r10_24285142.pdf,229f40aa21e475f8079fde7d48bc5ef8ee17b781aedec08f42b58be2c26f00b6,candidate_text/24285142.txt,candidate_screening/jd_01_24285142.json,2,13
jd_02_r01,jd_02,Business Operations,https://boards.greenhouse.io/figma/jobs/6119180004?gh_jid=6119180004,078d7eb2fa4494fcca303a3ed6cf401a6d964c63aee9ba51172197a2c1db66b6,likely_fit,78,pass,95382114,BUSINESS-DEVELOPMENT,data/data/BUSINESS-DEVELOPMENT/95382114.pdf,clean_pdfs/jd_02/jd_02_r01_95382114.pdf,776e81a48db1cc149fbfa145b4af5bb17a62e86b5928b1d1814ad321c3515c26,candidate_text/95382114.txt,candidate_screening/jd_02_95382114.json,2,5
jd_02_r02,jd_02,Business Operations,https://boards.greenhouse.io/figma/jobs/6119180004?gh_jid=6119180004,078d7eb2fa4494fcca303a3ed6cf401a6d964c63aee9ba51172197a2c1db66b6,likely_fit,78,pass,58165257,FINANCE,data/data/FINANCE/58165257.pdf,clean_pdfs/jd_02/jd_02_r02_58165257.pdf,55faa88d1ec1e43cdcd07bacd2ed026f849d5cbc611ce4b4ac0babc3cd963778,candidate_text/58165257.txt,candidate_screening/jd_02_58165257.json,2,11
jd_02_r03,jd_02,Business Operations,https://boards.greenhouse.io/figma/jobs/6119180004?gh_jid=6119180004,078d7eb2fa4494fcca303a3ed6cf401a6d964c63aee9ba51172197a2c1db66b6,likely_fit,78,pass,98513424,FINANCE,data/data/FINANCE/98513424.pdf,clean_pdfs/jd_02/jd_02_r03_98513424.pdf,3c67e80c2b1ba84ca8f921c20fd5b70930473205552debae4e123a0220930892,candidate_text/98513424.txt,candidate_screening/jd_02_98513424.json,2,39
jd_02_r04,jd_02,Business Operations,https://boards.greenhouse.io/figma/jobs/6119180004?gh_jid=6119180004,078d7eb2fa4494fcca303a3ed6cf401a6d964c63aee9ba51172197a2c1db66b6,likely_fit,75,pass,31016926,CONSULTANT,data/data/CONSULTANT/31016926.pdf,clean_pdfs/jd_02/jd_02_r04_31016926.pdf,a10d17035a6d3f87f0a6fde0c120a0d318357e51e1073e398bebc5c3ef932216,candidate_text/31016926.txt,candidate_screening/jd_02_31016926.json,2,27
jd_02_r05,jd_02,Business Operations,https://boards.greenhouse.io/figma/jobs/6119180004?gh_jid=6119180004,078d7eb2fa4494fcca303a3ed6cf401a6d964c63aee9ba51172197a2c1db66b6,likely_fit,75,pass,15011085,FINANCE,data/data/FINANCE/15011085.pdf,clean_pdfs/jd_02/jd_02_r05_15011085.pdf,051fcc43f1ac11f52dd895f0772ce03d103db6a54285b976a207496aead4e31c,candidate_text/15011085.txt,candidate_screening/jd_02_15011085.json,4,31
jd_02_r06,jd_02,Business Operations,https://boards.greenhouse.io/figma/jobs/6119180004?gh_jid=6119180004,078d7eb2fa4494fcca303a3ed6cf401a6d964c63aee9ba51172197a2c1db66b6,likely_nonfit,65,fail,38688388,BUSINESS-DEVELOPMENT,data/data/BUSINESS-DEVELOPMENT/38688388.pdf,clean_pdfs/jd_02/jd_02_r06_38688388.pdf,a80cb3bfed800ce8048f0fa3bc06d38711f8c1566d57cdcd5bfafacd172b43b2,candidate_text/38688388.txt,candidate_screening/jd_02_38688388.json,2,8
jd_02_r07,jd_02,Business Operations,https://boards.greenhouse.io/figma/jobs/6119180004?gh_jid=6119180004,078d7eb2fa4494fcca303a3ed6cf401a6d964c63aee9ba51172197a2c1db66b6,likely_nonfit,65,fail,49777184,CONSULTANT,data/data/CONSULTANT/49777184.pdf,clean_pdfs/jd_02/jd_02_r07_49777184.pdf,4955e3d4670dfc809d46cff9377546f83f98369fb595ba0c8a5e33665505cfd2,candidate_text/49777184.txt,candidate_screening/jd_02_49777184.json,2,15
jd_02_r08,jd_02,Business Operations,https://boards.greenhouse.io/figma/jobs/6119180004?gh_jid=6119180004,078d7eb2fa4494fcca303a3ed6cf401a6d964c63aee9ba51172197a2c1db66b6,likely_nonfit,65,fail,15535920,CONSULTANT,data/data/CONSULTANT/15535920.pdf,clean_pdfs/jd_02/jd_02_r08_15535920.pdf,29e5c75210447962ab53fd819530690fe853d69e1c954137b88a0b53d737755b,candidate_text/15535920.txt,candidate_screening/jd_02_15535920.json,3,17
jd_02_r09,jd_02,Business Operations,https://boards.greenhouse.io/figma/jobs/6119180004?gh_jid=6119180004,078d7eb2fa4494fcca303a3ed6cf401a6d964c63aee9ba51172197a2c1db66b6,likely_nonfit,40,fail,12786012,HR,data/data/HR/12786012.pdf,clean_pdfs/jd_02/jd_02_r09_12786012.pdf,9e942a06266efa44782cb361ed289f78a8d8575104f56d8598ce3f3fe1318f58,candidate_text/12786012.txt,candidate_screening/jd_02_12786012.json,2,56
jd_02_r10,jd_02,Business Operations,https://boards.greenhouse.io/figma/jobs/6119180004?gh_jid=6119180004,078d7eb2fa4494fcca303a3ed6cf401a6d964c63aee9ba51172197a2c1db66b6,likely_nonfit,45,fail,11480899,HR,data/data/HR/11480899.pdf,clean_pdfs/jd_02/jd_02_r10_11480899.pdf,8a5c69551757bf1beef72dacb94c94a5993ff8b4f2d54fddf4113a7735ced385,candidate_text/11480899.txt,candidate_screening/jd_02_11480899.json,2,49
jd_03_r01,jd_03,"Manager, Recruiting",https://boards.greenhouse.io/figma/jobs/6191672004?gh_jid=6191672004,4892010be9f025c74c8c31d9f34f23e4b5349a858f91a867d2bb34f9b8cf947b,likely_fit,78,pass,17812897,HR,data/data/HR/17812897.pdf,clean_pdfs/jd_03/jd_03_r01_17812897.pdf,b73a8b9d5cde7a1928805b13858e1f8cd413d4c9a0ca11d06104161f445c9064,candidate_text/17812897.txt,candidate_screening/jd_03_17812897.json,2,1
jd_03_r02,jd_03,"Manager, Recruiting",https://boards.greenhouse.io/figma/jobs/6191672004?gh_jid=6191672004,4892010be9f025c74c8c31d9f34f23e4b5349a858f91a867d2bb34f9b8cf947b,likely_fit,78,pass,17855844,HR,data/data/HR/17855844.pdf,clean_pdfs/jd_03/jd_03_r02_17855844.pdf,1489baf171357668cf937d05c899f86c9a24504de21f116f35e96bec86445a49,candidate_text/17855844.txt,candidate_screening/jd_03_17855844.json,2,5
jd_03_r03,jd_03,"Manager, Recruiting",https://boards.greenhouse.io/figma/jobs/6191672004?gh_jid=6191672004,4892010be9f025c74c8c31d9f34f23e4b5349a858f91a867d2bb34f9b8cf947b,likely_fit,75,pass,30563572,HR,data/data/HR/30563572.pdf,clean_pdfs/jd_03/jd_03_r03_30563572.pdf,cfef10d8fffc4cfad603ce72c2232a8acb42b7792abccd40c8fa33b7ee545930,candidate_text/30563572.txt,candidate_screening/jd_03_30563572.json,2,2
jd_03_r04,jd_03,"Manager, Recruiting",https://boards.greenhouse.io/figma/jobs/6191672004?gh_jid=6191672004,4892010be9f025c74c8c31d9f34f23e4b5349a858f91a867d2bb34f9b8cf947b,likely_fit,75,pass,93112113,HR,data/data/HR/93112113.pdf,clean_pdfs/jd_03/jd_03_r04_93112113.pdf,38c455b1f58218332f075a2ae5ad1cfaec372de18952b69dbca555b5b30068a9,candidate_text/93112113.txt,candidate_screening/jd_03_93112113.json,2,4
jd_03_r05,jd_03,"Manager, Recruiting",https://boards.greenhouse.io/figma/jobs/6191672004?gh_jid=6191672004,4892010be9f025c74c8c31d9f34f23e4b5349a858f91a867d2bb34f9b8cf947b,likely_fit,75,pass,21265194,HR,data/data/HR/21265194.pdf,clean_pdfs/jd_03/jd_03_r05_21265194.pdf,421b3e8caa36dd2fad167f307a0bdd088624b4f695a35609138288c3f0c871a1,candidate_text/21265194.txt,candidate_screening/jd_03_21265194.json,3,7
jd_03_r06,jd_03,"Manager, Recruiting",https://boards.greenhouse.io/figma/jobs/6191672004?gh_jid=6191672004,4892010be9f025c74c8c31d9f34f23e4b5349a858f91a867d2bb34f9b8cf947b,likely_nonfit,65,fail,19179079,HR,data/data/HR/19179079.pdf,clean_pdfs/jd_03/jd_03_r06_19179079.pdf,bd02cc351dcb0571ec60edc0f6068d802d289626e51ddb336ee60b83cb9d0ca4,candidate_text/19179079.txt,candidate_screening/jd_03_19179079.json,3,3
jd_03_r07,jd_03,"Manager, Recruiting",https://boards.greenhouse.io/figma/jobs/6191672004?gh_jid=6191672004,4892010be9f025c74c8c31d9f34f23e4b5349a858f91a867d2bb34f9b8cf947b,likely_nonfit,65,fail,11480899,HR,data/data/HR/11480899.pdf,clean_pdfs/jd_03/jd_03_r07_11480899.pdf,8a5c69551757bf1beef72dacb94c94a5993ff8b4f2d54fddf4113a7735ced385,candidate_text/11480899.txt,candidate_screening/jd_03_11480899.json,2,6
jd_03_r08,jd_03,"Manager, Recruiting",https://boards.greenhouse.io/figma/jobs/6191672004?gh_jid=6191672004,4892010be9f025c74c8c31d9f34f23e4b5349a858f91a867d2bb34f9b8cf947b,likely_nonfit,65,fail,34740556,HR,data/data/HR/34740556.pdf,clean_pdfs/jd_03/jd_03_r08_34740556.pdf,7336dd0eaa96e466ab906808660a62a5f9336439c32c2b1525bcabbf6cdfa2f7,candidate_text/34740556.txt,candidate_screening/jd_03_34740556.json,2,10
jd_03_r09,jd_03,"Manager, Recruiting",https://boards.greenhouse.io/figma/jobs/6191672004?gh_jid=6191672004,4892010be9f025c74c8c31d9f34f23e4b5349a858f91a867d2bb34f9b8cf947b,likely_nonfit,65,fail,44476983,HR,data/data/HR/44476983.pdf,clean_pdfs/jd_03/jd_03_r09_44476983.pdf,3720fc5dea61f96ff62daf94e23151eafd787feff81c05524add686c31bb2d10,candidate_text/44476983.txt,candidate_screening/jd_03_44476983.json,2,11
jd_03_r10,jd_03,"Manager, Recruiting",https://boards.greenhouse.io/figma/jobs/6191672004?gh_jid=6191672004,4892010be9f025c74c8c31d9f34f23e4b5349a858f91a867d2bb34f9b8cf947b,likely_nonfit,55,fail,18316239,HR,data/data/HR/18316239.pdf,clean_pdfs/jd_03/jd_03_r10_18316239.pdf,d734d40982fabb2494252681121e9284c4dbadfcaa4ab3e42e57d2538146d58e,candidate_text/18316239.txt,candidate_screening/jd_03_18316239.json,2,12
jd_04_r01,jd_04,Senior Accountant,https://boards.greenhouse.io/figma/jobs/6119198004?gh_jid=6119198004,5b1fa79cc5ba3e84f3088db521b7a94541a9650fff81fb6cdebb540e8e25f94e,likely_fit,85,pass,95792386,CONSULTANT,data/data/CONSULTANT/95792386.pdf,clean_pdfs/jd_04/jd_04_r01_95792386.pdf,39fd458ace487c95a33298363e534e44482628aebc20e2e79423b79b9f7b887e,candidate_text/95792386.txt,candidate_screening/jd_04_95792386.json,2,2
jd_04_r02,jd_04,Senior Accountant,https://boards.greenhouse.io/figma/jobs/6119198004?gh_jid=6119198004,5b1fa79cc5ba3e84f3088db521b7a94541a9650fff81fb6cdebb540e8e25f94e,likely_fit,85,pass,17306905,ACCOUNTANT,data/data/ACCOUNTANT/17306905.pdf,clean_pdfs/jd_04/jd_04_r02_17306905.pdf,2c2e5c85cdb6589462eb6894eebf25e831aac36732479098780abe2f720ab050,candidate_text/17306905.txt,candidate_screening/jd_04_17306905.json,4,11
jd_04_r03,jd_04,Senior Accountant,https://boards.greenhouse.io/figma/jobs/6119198004?gh_jid=6119198004,5b1fa79cc5ba3e84f3088db521b7a94541a9650fff81fb6cdebb540e8e25f94e,likely_fit,85,pass,23438112,ACCOUNTANT,data/data/ACCOUNTANT/23438112.pdf,clean_pdfs/jd_04/jd_04_r03_23438112.pdf,5ad3432772a199698ddbb5065d8f3d4a764b15221546c82027bcff4bd8938d68,candidate_text/23438112.txt,candidate_screening/jd_04_23438112.json,2,12
jd_04_r04,jd_04,Senior Accountant,https://boards.greenhouse.io/figma/jobs/6119198004?gh_jid=6119198004,5b1fa79cc5ba3e84f3088db521b7a94541a9650fff81fb6cdebb540e8e25f94e,likely_fit,85,pass,31710562,BANKING,data/data/BANKING/31710562.pdf,clean_pdfs/jd_04/jd_04_r04_31710562.pdf,d34f8cf92df70569d14a5f5800d97d12f9c193199909fb453e49fdf1174cffe8,candidate_text/31710562.txt,candidate_screening/jd_04_31710562.json,2,50
jd_04_r05,jd_04,Senior Accountant,https://boards.greenhouse.io/figma/jobs/6119198004?gh_jid=6119198004,5b1fa79cc5ba3e84f3088db521b7a94541a9650fff81fb6cdebb540e8e25f94e,likely_fit,85,pass,24397882,AGRICULTURE,data/data/AGRICULTURE/24397882.pdf,clean_pdfs/jd_04/jd_04_r05_24397882.pdf,5b2fcd76785a04726f606e01f43760673823102b17bdf8c13ad0ade530007246,candidate_text/24397882.txt,candidate_screening/jd_04_24397882.json,2,69
jd_04_r06,jd_04,Senior Accountant,https://boards.greenhouse.io/figma/jobs/6119198004?gh_jid=6119198004,5b1fa79cc5ba3e84f3088db521b7a94541a9650fff81fb6cdebb540e8e25f94e,likely_nonfit,65,fail,38946032,CONSTRUCTION,data/data/CONSTRUCTION/38946032.pdf,clean_pdfs/jd_04/jd_04_r06_38946032.pdf,c60b92462843e901afa4d7f75492dc8dc9b387a0bc0a879fcdf9222cc90a785b,candidate_text/38946032.txt,candidate_screening/jd_04_38946032.json,2,20
jd_04_r07,jd_04,Senior Accountant,https://boards.greenhouse.io/figma/jobs/6119198004?gh_jid=6119198004,5b1fa79cc5ba3e84f3088db521b7a94541a9650fff81fb6cdebb540e8e25f94e,likely_nonfit,65,fail,19234823,ADVOCATE,data/data/ADVOCATE/19234823.pdf,clean_pdfs/jd_04/jd_04_r07_19234823.pdf,cc164c2809d04b1e7bba8d72a45695ba9c90d0b224c98a545e0a684b7cae59db,candidate_text/19234823.txt,candidate_screening/jd_04_19234823.json,2,77
jd_04_r08,jd_04,Senior Accountant,https://boards.greenhouse.io/figma/jobs/6119198004?gh_jid=6119198004,5b1fa79cc5ba3e84f3088db521b7a94541a9650fff81fb6cdebb540e8e25f94e,likely_nonfit,45,fail,68781345,BANKING,data/data/BANKING/68781345.pdf,clean_pdfs/jd_04/jd_04_r08_68781345.pdf,4e64f49320bf43e3348d3d4f2d897561cf08818533b668cf809b591fc434510c,candidate_text/68781345.txt,candidate_screening/jd_04_68781345.json,2,73
jd_04_r09,jd_04,Senior Accountant,https://boards.greenhouse.io/figma/jobs/6119198004?gh_jid=6119198004,5b1fa79cc5ba3e84f3088db521b7a94541a9650fff81fb6cdebb540e8e25f94e,likely_nonfit,45,fail,21867728,ARTS,data/data/ARTS/21867728.pdf,clean_pdfs/jd_04/jd_04_r09_21867728.pdf,96f8aa941a4a5f9d0aefd645b907a842e564e268aae8e824a5e59d35e521979e,candidate_text/21867728.txt,candidate_screening/jd_04_21867728.json,2,76
jd_04_r10,jd_04,Senior Accountant,https://boards.greenhouse.io/figma/jobs/6119198004?gh_jid=6119198004,5b1fa79cc5ba3e84f3088db521b7a94541a9650fff81fb6cdebb540e8e25f94e,likely_nonfit,45,fail,27884470,BANKING,data/data/BANKING/27884470.pdf,clean_pdfs/jd_04/jd_04_r10_27884470.pdf,d00e1ee1423eedd6f77493666116bd6850b6e70b4cfbe4c26e262bd222899cc9,candidate_text/27884470.txt,candidate_screening/jd_04_27884470.json,2,79
jd_05_r01,jd_05,Recruiting Coordinator (Fixed-Term),https://stripe.com/jobs/search?gh_jid=8180390,be3373884cd1f67163eb23e2a6f6c45fd35d1fe1031201871c0dc8eb801a9c11,likely_fit,85,pass,19179079,HR,data/data/HR/19179079.pdf,clean_pdfs/jd_05/jd_05_r01_19179079.pdf,bd02cc351dcb0571ec60edc0f6068d802d289626e51ddb336ee60b83cb9d0ca4,candidate_text/19179079.txt,candidate_screening/jd_05_19179079.json,3,1
jd_05_r02,jd_05,Recruiting Coordinator (Fixed-Term),https://stripe.com/jobs/search?gh_jid=8180390,be3373884cd1f67163eb23e2a6f6c45fd35d1fe1031201871c0dc8eb801a9c11,likely_fit,85,pass,13520837,HR,data/data/HR/13520837.pdf,clean_pdfs/jd_05/jd_05_r02_13520837.pdf,03b2a17fe45316403508c5e11a86e19f58c2d84577e1b421dc440de44a814bf2,candidate_text/13520837.txt,candidate_screening/jd_05_13520837.json,2,3
jd_05_r03,jd_05,Recruiting Coordinator (Fixed-Term),https://stripe.com/jobs/search?gh_jid=8180390,be3373884cd1f67163eb23e2a6f6c45fd35d1fe1031201871c0dc8eb801a9c11,likely_fit,75,pass,18297650,HR,data/data/HR/18297650.pdf,clean_pdfs/jd_05/jd_05_r03_18297650.pdf,20f95566d86a8dfc621b15304c016e5e369243b71bf803abcc351e0f93a51df3,candidate_text/18297650.txt,candidate_screening/jd_05_18297650.json,2,4
jd_05_r04,jd_05,Recruiting Coordinator (Fixed-Term),https://stripe.com/jobs/search?gh_jid=8180390,be3373884cd1f67163eb23e2a6f6c45fd35d1fe1031201871c0dc8eb801a9c11,likely_fit,75,pass,24508725,HR,data/data/HR/24508725.pdf,clean_pdfs/jd_05/jd_05_r04_24508725.pdf,37b044f3ab06f5d37bf7d1d6b0284ae99bae2aeb28171bf93b6189b0cf27517b,candidate_text/24508725.txt,candidate_screening/jd_05_24508725.json,3,5
jd_05_r05,jd_05,Recruiting Coordinator (Fixed-Term),https://stripe.com/jobs/search?gh_jid=8180390,be3373884cd1f67163eb23e2a6f6c45fd35d1fe1031201871c0dc8eb801a9c11,likely_fit,75,pass,27490876,HR,data/data/HR/27490876.pdf,clean_pdfs/jd_05/jd_05_r05_27490876.pdf,b57a00ff0ea911155ce6432b6fc82c8636a1a15e2ada153a7059df9596f32322,candidate_text/27490876.txt,candidate_screening/jd_05_27490876.json,2,6
jd_05_r06,jd_05,Recruiting Coordinator (Fixed-Term),https://stripe.com/jobs/search?gh_jid=8180390,be3373884cd1f67163eb23e2a6f6c45fd35d1fe1031201871c0dc8eb801a9c11,likely_nonfit,65,fail,17412079,HR,data/data/HR/17412079.pdf,clean_pdfs/jd_05/jd_05_r06_17412079.pdf,c0c3790f77711b7889e9b6506811b584dc3c93a5659778bdc41848df08dc07f1,candidate_text/17412079.txt,candidate_screening/jd_05_17412079.json,2,18
jd_05_r07,jd_05,Recruiting Coordinator (Fixed-Term),https://stripe.com/jobs/search?gh_jid=8180390,be3373884cd1f67163eb23e2a6f6c45fd35d1fe1031201871c0dc8eb801a9c11,likely_nonfit,65,fail,13879043,HR,data/data/HR/13879043.pdf,clean_pdfs/jd_05/jd_05_r07_13879043.pdf,3222f7277d613060314ed0324b52a9331b3d4ecdf741c7be4e6d12bfc5518e16,candidate_text/13879043.txt,candidate_screening/jd_05_13879043.json,2,21
jd_05_r08,jd_05,Recruiting Coordinator (Fixed-Term),https://stripe.com/jobs/search?gh_jid=8180390,be3373884cd1f67163eb23e2a6f6c45fd35d1fe1031201871c0dc8eb801a9c11,likely_nonfit,65,fail,28828844,HR,data/data/HR/28828844.pdf,clean_pdfs/jd_05/jd_05_r08_28828844.pdf,46cfaff1d59e8d568627ba77fe64fb54ade41c11edfd107105c1901ff86bcd50,candidate_text/28828844.txt,candidate_screening/jd_05_28828844.json,2,22
jd_05_r09,jd_05,Recruiting Coordinator (Fixed-Term),https://stripe.com/jobs/search?gh_jid=8180390,be3373884cd1f67163eb23e2a6f6c45fd35d1fe1031201871c0dc8eb801a9c11,likely_nonfit,65,fail,14640322,HR,data/data/HR/14640322.pdf,clean_pdfs/jd_05/jd_05_r09_14640322.pdf,567f3a26218bbc08412f0e42033ed4e09886ca6972c325045d3301b9d141e0bf,candidate_text/14640322.txt,candidate_screening/jd_05_14640322.json,2,31
jd_05_r10,jd_05,Recruiting Coordinator (Fixed-Term),https://stripe.com/jobs/search?gh_jid=8180390,be3373884cd1f67163eb23e2a6f6c45fd35d1fe1031201871c0dc8eb801a9c11,likely_nonfit,65,fail,23408537,HR,data/data/HR/23408537.pdf,clean_pdfs/jd_05/jd_05_r10_23408537.pdf,0144b159b5921555cbdf8640cda72fc3df1d92cb4a730e70161cdaf340063c1b,candidate_text/23408537.txt,candidate_screening/jd_05_23408537.json,2,33
jd_06_r01,jd_06,Sales Development Representative,https://stripe.com/jobs/search?gh_jid=6570253,4ce3b5c0999991e23ff6252b6be1218844d7595d2a7052c2193d11bc7cadf8b1,likely_fit,85,pass,17115815,BUSINESS-DEVELOPMENT,data/data/BUSINESS-DEVELOPMENT/17115815.pdf,clean_pdfs/jd_06/jd_06_r01_17115815.pdf,5fcd543b2d81c17b14e4ef985365bf84c021b8e627e3046ddccfa91f09eda15b,candidate_text/17115815.txt,candidate_screening/jd_06_17115815.json,2,1
jd_06_r02,jd_06,Sales Development Representative,https://stripe.com/jobs/search?gh_jid=6570253,4ce3b5c0999991e23ff6252b6be1218844d7595d2a7052c2193d11bc7cadf8b1,likely_fit,85,pass,10501991,BUSINESS-DEVELOPMENT,data/data/BUSINESS-DEVELOPMENT/10501991.pdf,clean_pdfs/jd_06/jd_06_r02_10501991.pdf,de8fa34d4816015e897dbb9e8ae526a87d638a71c806ee1c2351eabfdc136ee4,candidate_text/10501991.txt,candidate_screening/jd_06_10501991.json,3,6
jd_06_r03,jd_06,Sales Development Representative,https://stripe.com/jobs/search?gh_jid=6570253,4ce3b5c0999991e23ff6252b6be1218844d7595d2a7052c2193d11bc7cadf8b1,likely_fit,75,pass,27850777,BUSINESS-DEVELOPMENT,data/data/BUSINESS-DEVELOPMENT/27850777.pdf,clean_pdfs/jd_06/jd_06_r03_27850777.pdf,aff9bfb18e8eb1c875fb12bc1ee5369c88f5bc04307e018366da95efd2163284,candidate_text/27850777.txt,candidate_screening/jd_06_27850777.json,2,3
jd_06_r04,jd_06,Sales Development Representative,https://stripe.com/jobs/search?gh_jid=6570253,4ce3b5c0999991e23ff6252b6be1218844d7595d2a7052c2193d11bc7cadf8b1,likely_fit,75,pass,15423153,BUSINESS-DEVELOPMENT,data/data/BUSINESS-DEVELOPMENT/15423153.pdf,clean_pdfs/jd_06/jd_06_r04_15423153.pdf,96ab78463f5fa66bbbebd42b5d90e9599a8898c344ab3435b01f95f1a7e946f1,candidate_text/15423153.txt,candidate_screening/jd_06_15423153.json,2,4
jd_06_r05,jd_06,Sales Development Representative,https://stripe.com/jobs/search?gh_jid=6570253,4ce3b5c0999991e23ff6252b6be1218844d7595d2a7052c2193d11bc7cadf8b1,likely_fit,75,pass,34131484,SALES,data/data/SALES/34131484.pdf,clean_pdfs/jd_06/jd_06_r05_34131484.pdf,766defc1e3864d98df9c9f01cd4b9fb30aa79cf349714133c544b69f4faa63d0,candidate_text/34131484.txt,candidate_screening/jd_06_34131484.json,1,7
jd_06_r06,jd_06,Sales Development Representative,https://stripe.com/jobs/search?gh_jid=6570253,4ce3b5c0999991e23ff6252b6be1218844d7595d2a7052c2193d11bc7cadf8b1,likely_nonfit,65,fail,15918496,SALES,data/data/SALES/15918496.pdf,clean_pdfs/jd_06/jd_06_r06_15918496.pdf,35171d36d4b1ce6871d8ef2b017d6562e6020d8cd7b60b893d62a0681a73b011,candidate_text/15918496.txt,candidate_screening/jd_06_15918496.json,2,2
jd_06_r07,jd_06,Sales Development Representative,https://stripe.com/jobs/search?gh_jid=6570253,4ce3b5c0999991e23ff6252b6be1218844d7595d2a7052c2193d11bc7cadf8b1,likely_nonfit,65,fail,47067533,BUSINESS-DEVELOPMENT,data/data/BUSINESS-DEVELOPMENT/47067533.pdf,clean_pdfs/jd_06/jd_06_r07_47067533.pdf,24f2240e0d111053dfa8e0302b8b0da3d4e720890d69e3fd1409a54ffba3d814,candidate_text/47067533.txt,candidate_screening/jd_06_47067533.json,2,5
jd_06_r08,jd_06,Sales Development Representative,https://stripe.com/jobs/search?gh_jid=6570253,4ce3b5c0999991e23ff6252b6be1218844d7595d2a7052c2193d11bc7cadf8b1,likely_nonfit,65,fail,25813953,BUSINESS-DEVELOPMENT,data/data/BUSINESS-DEVELOPMENT/25813953.pdf,clean_pdfs/jd_06/jd_06_r08_25813953.pdf,9a5185bea16fdd64654b31d6a379651ff4e0b2a4c0051177dcb42c34fe9f2317,candidate_text/25813953.txt,candidate_screening/jd_06_25813953.json,1,9
jd_06_r09,jd_06,Sales Development Representative,https://stripe.com/jobs/search?gh_jid=6570253,4ce3b5c0999991e23ff6252b6be1218844d7595d2a7052c2193d11bc7cadf8b1,likely_nonfit,65,fail,36170003,BUSINESS-DEVELOPMENT,data/data/BUSINESS-DEVELOPMENT/36170003.pdf,clean_pdfs/jd_06/jd_06_r09_36170003.pdf,81faacfd60b5de79c48f80bf5f285d5eb081b0983190c26d7084bac07b24afb0,candidate_text/36170003.txt,candidate_screening/jd_06_36170003.json,2,11
jd_06_r10,jd_06,Sales Development Representative,https://stripe.com/jobs/search?gh_jid=6570253,4ce3b5c0999991e23ff6252b6be1218844d7595d2a7052c2193d11bc7cadf8b1,likely_nonfit,45,fail,59422148,SALES,data/data/SALES/59422148.pdf,clean_pdfs/jd_06/jd_06_r10_59422148.pdf,e18185170f494552940a1a9895136eae49e91d337feda2a9585e901510da1ab3,candidate_text/59422148.txt,candidate_screening/jd_06_59422148.json,2,14
jd_07_r01,jd_07,Corporate Accounting Manager,https://stripe.com/jobs/search?gh_jid=8165278,4f190ebf06bf907086b2163f285d56671f54d9c6d76c0a4db8ba5c360678193a,likely_fit,85,pass,95792386,CONSULTANT,data/data/CONSULTANT/95792386.pdf,clean_pdfs/jd_07/jd_07_r01_95792386.pdf,39fd458ace487c95a33298363e534e44482628aebc20e2e79423b79b9f7b887e,candidate_text/95792386.txt,candidate_screening/jd_07_95792386.json,2,3
jd_07_r02,jd_07,Corporate Accounting Manager,https://stripe.com/jobs/search?gh_jid=8165278,4f190ebf06bf907086b2163f285d56671f54d9c6d76c0a4db8ba5c360678193a,likely_fit,85,pass,87635012,ACCOUNTANT,data/data/ACCOUNTANT/87635012.pdf,clean_pdfs/jd_07/jd_07_r02_87635012.pdf,2a357b420f305e77786f900542f538b1fb64eab63da4029a3629cea41d0e746a,candidate_text/87635012.txt,candidate_screening/jd_07_87635012.json,2,5
jd_07_r03,jd_07,Corporate Accounting Manager,https://stripe.com/jobs/search?gh_jid=8165278,4f190ebf06bf907086b2163f285d56671f54d9c6d76c0a4db8ba5c360678193a,likely_fit,78,pass,14722634,FINANCE,data/data/FINANCE/14722634.pdf,clean_pdfs/jd_07/jd_07_r03_14722634.pdf,b8905cf3c54d4c47ffea5829b1f0155809c029b6107c75074ac9b614cd613b76,candidate_text/14722634.txt,candidate_screening/jd_07_14722634.json,2,1
jd_07_r04,jd_07,Corporate Accounting Manager,https://stripe.com/jobs/search?gh_jid=8165278,4f190ebf06bf907086b2163f285d56671f54d9c6d76c0a4db8ba5c360678193a,likely_fit,78,pass,26767199,FINANCE,data/data/FINANCE/26767199.pdf,clean_pdfs/jd_07/jd_07_r04_26767199.pdf,abf148c63a6be5e65273d8fb3163bfd289d967a15d0d104225a2b179664ea089,candidate_text/26767199.txt,candidate_screening/jd_07_26767199.json,2,9
jd_07_r05,jd_07,Corporate Accounting Manager,https://stripe.com/jobs/search?gh_jid=8165278,4f190ebf06bf907086b2163f285d56671f54d9c6d76c0a4db8ba5c360678193a,likely_fit,75,pass,15011085,FINANCE,data/data/FINANCE/15011085.pdf,clean_pdfs/jd_07/jd_07_r05_15011085.pdf,051fcc43f1ac11f52dd895f0772ce03d103db6a54285b976a207496aead4e31c,candidate_text/15011085.txt,candidate_screening/jd_07_15011085.json,4,2
jd_07_r06,jd_07,Corporate Accounting Manager,https://stripe.com/jobs/search?gh_jid=8165278,4f190ebf06bf907086b2163f285d56671f54d9c6d76c0a4db8ba5c360678193a,likely_nonfit,65,fail,38946032,CONSTRUCTION,data/data/CONSTRUCTION/38946032.pdf,clean_pdfs/jd_07/jd_07_r06_38946032.pdf,c60b92462843e901afa4d7f75492dc8dc9b387a0bc0a879fcdf9222cc90a785b,candidate_text/38946032.txt,candidate_screening/jd_07_38946032.json,2,6
jd_07_r07,jd_07,Corporate Accounting Manager,https://stripe.com/jobs/search?gh_jid=8165278,4f190ebf06bf907086b2163f285d56671f54d9c6d76c0a4db8ba5c360678193a,likely_nonfit,65,fail,18636651,FINANCE,data/data/FINANCE/18636651.pdf,clean_pdfs/jd_07/jd_07_r07_18636651.pdf,ec384979e9b453adafcc25d32a620a6848c965db65c343141e12318299707a1c,candidate_text/18636651.txt,candidate_screening/jd_07_18636651.json,2,8
jd_07_r08,jd_07,Corporate Accounting Manager,https://stripe.com/jobs/search?gh_jid=8165278,4f190ebf06bf907086b2163f285d56671f54d9c6d76c0a4db8ba5c360678193a,likely_nonfit,65,fail,27914096,FINANCE,data/data/FINANCE/27914096.pdf,clean_pdfs/jd_07/jd_07_r08_27914096.pdf,4692fc1f2c6d53db44cffe0fc64b0de41baaa1ae086299d7589cb523b963bfe6,candidate_text/27914096.txt,candidate_screening/jd_07_27914096.json,2,10
jd_07_r09,jd_07,Corporate Accounting Manager,https://stripe.com/jobs/search?gh_jid=8165278,4f190ebf06bf907086b2163f285d56671f54d9c6d76c0a4db8ba5c360678193a,likely_nonfit,65,fail,25862026,ACCOUNTANT,data/data/ACCOUNTANT/25862026.pdf,clean_pdfs/jd_07/jd_07_r09_25862026.pdf,3278f26c4dc4b90e0515060bc9b091ba5a287d955a1acbfce8c2a4ee4cbce2b6,candidate_text/25862026.txt,candidate_screening/jd_07_25862026.json,1,13
jd_07_r10,jd_07,Corporate Accounting Manager,https://stripe.com/jobs/search?gh_jid=8165278,4f190ebf06bf907086b2163f285d56671f54d9c6d76c0a4db8ba5c360678193a,likely_nonfit,65,fail,38907798,FINANCE,data/data/FINANCE/38907798.pdf,clean_pdfs/jd_07/jd_07_r10_38907798.pdf,aa125944a26bc40c952d47325eecfe1c8dfe0afa8b178db59459b3d73c225be0,candidate_text/38907798.txt,candidate_screening/jd_07_38907798.json,2,14
jd_08_r01,jd_08,Finance and Strategy Specialist,https://stripe.com/jobs/search?gh_jid=7597613,35c2bae1f436726b21cd7e4ee0f81a145e12767fba1dc127da0b6a6c53c07140,likely_fit,85,pass,98513424,FINANCE,data/data/FINANCE/98513424.pdf,clean_pdfs/jd_08/jd_08_r01_98513424.pdf,3c67e80c2b1ba84ca8f921c20fd5b70930473205552debae4e123a0220930892,candidate_text/98513424.txt,candidate_screening/jd_08_98513424.json,2,17
jd_08_r02,jd_08,Finance and Strategy Specialist,https://stripe.com/jobs/search?gh_jid=7597613,35c2bae1f436726b21cd7e4ee0f81a145e12767fba1dc127da0b6a6c53c07140,likely_fit,78,pass,34758680,BANKING,data/data/BANKING/34758680.pdf,clean_pdfs/jd_08/jd_08_r02_34758680.pdf,4cc32ba4140dfbd7c52304f5c62bfcedf85e92c44301da90e8f8fb28dc14d27e,candidate_text/34758680.txt,candidate_screening/jd_08_34758680.json,2,33
jd_08_r03,jd_08,Finance and Strategy Specialist,https://stripe.com/jobs/search?gh_jid=7597613,35c2bae1f436726b21cd7e4ee0f81a145e12767fba1dc127da0b6a6c53c07140,likely_fit,75,pass,15011085,FINANCE,data/data/FINANCE/15011085.pdf,clean_pdfs/jd_08/jd_08_r03_15011085.pdf,051fcc43f1ac11f52dd895f0772ce03d103db6a54285b976a207496aead4e31c,candidate_text/15011085.txt,candidate_screening/jd_08_15011085.json,4,1
jd_08_r04,jd_08,Finance and Strategy Specialist,https://stripe.com/jobs/search?gh_jid=7597613,35c2bae1f436726b21cd7e4ee0f81a145e12767fba1dc127da0b6a6c53c07140,likely_fit,75,pass,25101183,FINANCE,data/data/FINANCE/25101183.pdf,clean_pdfs/jd_08/jd_08_r04_25101183.pdf,f64f9ebbbbe1c5b1805bb40eaa952af65448013f9238366a6a2920ededf78066,candidate_text/25101183.txt,candidate_screening/jd_08_25101183.json,2,9
jd_08_r05,jd_08,Finance and Strategy Specialist,https://stripe.com/jobs/search?gh_jid=7597613,35c2bae1f436726b21cd7e4ee0f81a145e12767fba1dc127da0b6a6c53c07140,likely_fit,75,pass,24530382,FINANCE,data/data/FINANCE/24530382.pdf,clean_pdfs/jd_08/jd_08_r05_24530382.pdf,81c70314aae203517a77fcebcbbf2f57e3fcf8d92a003cd3970f88c0d780c337,candidate_text/24530382.txt,candidate_screening/jd_08_24530382.json,2,13
jd_08_r06,jd_08,Finance and Strategy Specialist,https://stripe.com/jobs/search?gh_jid=7597613,35c2bae1f436726b21cd7e4ee0f81a145e12767fba1dc127da0b6a6c53c07140,likely_nonfit,65,fail,86595128,FINANCE,data/data/FINANCE/86595128.pdf,clean_pdfs/jd_08/jd_08_r06_86595128.pdf,50bfdd158df828d914f9e54ae66abb9f5ca79a4925915db348f765f6a125c437,candidate_text/86595128.txt,candidate_screening/jd_08_86595128.json,2,20
jd_08_r07,jd_08,Finance and Strategy Specialist,https://stripe.com/jobs/search?gh_jid=7597613,35c2bae1f436726b21cd7e4ee0f81a145e12767fba1dc127da0b6a6c53c07140,likely_nonfit,65,fail,29998869,FINANCE,data/data/FINANCE/29998869.pdf,clean_pdfs/jd_08/jd_08_r07_29998869.pdf,fbeb7208a52d792569294d924863d8b974371928a76ba96c4956dbc00d5e8d2e,candidate_text/29998869.txt,candidate_screening/jd_08_29998869.json,2,22
jd_08_r08,jd_08,Finance and Strategy Specialist,https://stripe.com/jobs/search?gh_jid=7597613,35c2bae1f436726b21cd7e4ee0f81a145e12767fba1dc127da0b6a6c53c07140,likely_nonfit,45,fail,95382114,BUSINESS-DEVELOPMENT,data/data/BUSINESS-DEVELOPMENT/95382114.pdf,clean_pdfs/jd_08/jd_08_r08_95382114.pdf,776e81a48db1cc149fbfa145b4af5bb17a62e86b5928b1d1814ad321c3515c26,candidate_text/95382114.txt,candidate_screening/jd_08_95382114.json,2,3
jd_08_r09,jd_08,Finance and Strategy Specialist,https://stripe.com/jobs/search?gh_jid=7597613,35c2bae1f436726b21cd7e4ee0f81a145e12767fba1dc127da0b6a6c53c07140,likely_nonfit,45,fail,32531824,BUSINESS-DEVELOPMENT,data/data/BUSINESS-DEVELOPMENT/32531824.pdf,clean_pdfs/jd_08/jd_08_r09_32531824.pdf,85b047a19bea60fcaa4c6e5c9d30ac2734d8fcde2ac013e58803e22a64b18a13,candidate_text/32531824.txt,candidate_screening/jd_08_32531824.json,1,4
jd_08_r10,jd_08,Finance and Strategy Specialist,https://stripe.com/jobs/search?gh_jid=7597613,35c2bae1f436726b21cd7e4ee0f81a145e12767fba1dc127da0b6a6c53c07140,likely_nonfit,45,fail,17818707,BANKING,data/data/BANKING/17818707.pdf,clean_pdfs/jd_08/jd_08_r10_17818707.pdf,f67aabfdcd32252b7a8a4f186fc0a9cbb8e205a5d2522e78bb5b56f8703cc5cc,candidate_text/17818707.txt,candidate_screening/jd_08_17818707.json,2,30
jd_09_r01,jd_09,Enterprise Paid Digital Marketing Manager,https://stripe.com/jobs/search?gh_jid=7617049,8a98610e1261b1081aecd407de1a11c4fa685634fe57441c6f8e589a2a087c1d,likely_fit,85,pass,28679359,DIGITAL-MEDIA,data/data/DIGITAL-MEDIA/28679359.pdf,clean_pdfs/jd_09/jd_09_r01_28679359.pdf,6494c216d31967c349a8aee772b03357fd69531c63208d90f9f5f1ea03ecbb5d,candidate_text/28679359.txt,candidate_screening/jd_09_28679359.json,2,1
jd_09_r02,jd_09,Enterprise Paid Digital Marketing Manager,https://stripe.com/jobs/search?gh_jid=7617049,8a98610e1261b1081aecd407de1a11c4fa685634fe57441c6f8e589a2a087c1d,likely_fit,85,pass,40883703,DIGITAL-MEDIA,data/data/DIGITAL-MEDIA/40883703.pdf,clean_pdfs/jd_09/jd_09_r02_40883703.pdf,09bb94a5a2362434e1ca97982766c8ce21f989747b4270302813ab09cb99923d,candidate_text/40883703.txt,candidate_screening/jd_09_40883703.json,2,3
jd_09_r03,jd_09,Enterprise Paid Digital Marketing Manager,https://stripe.com/jobs/search?gh_jid=7617049,8a98610e1261b1081aecd407de1a11c4fa685634fe57441c6f8e589a2a087c1d,likely_fit,85,pass,23810469,DIGITAL-MEDIA,data/data/DIGITAL-MEDIA/23810469.pdf,clean_pdfs/jd_09/jd_09_r03_23810469.pdf,4b893c6d170ef32c1ed8100810f23814e728e454e91528d521c28f2216496088,candidate_text/23810469.txt,candidate_screening/jd_09_23810469.json,2,4
jd_09_r04,jd_09,Enterprise Paid Digital Marketing Manager,https://stripe.com/jobs/search?gh_jid=7617049,8a98610e1261b1081aecd407de1a11c4fa685634fe57441c6f8e589a2a087c1d,likely_fit,75,pass,27080812,DIGITAL-MEDIA,data/data/DIGITAL-MEDIA/27080812.pdf,clean_pdfs/jd_09/jd_09_r04_27080812.pdf,bc70d2ca8a341bcc618144c8bdc22213aaf8a8f834de71ab1288a7a167d653e9,candidate_text/27080812.txt,candidate_screening/jd_09_27080812.json,2,10
jd_09_r05,jd_09,Enterprise Paid Digital Marketing Manager,https://stripe.com/jobs/search?gh_jid=7617049,8a98610e1261b1081aecd407de1a11c4fa685634fe57441c6f8e589a2a087c1d,likely_fit,72,pass,39166680,DIGITAL-MEDIA,data/data/DIGITAL-MEDIA/39166680.pdf,clean_pdfs/jd_09/jd_09_r05_39166680.pdf,503873485e80c2aadb57d23ca52b254bb8fb826a2d5842e0ba97d50e1849c72f,candidate_text/39166680.txt,candidate_screening/jd_09_39166680.json,2,5
jd_09_r06,jd_09,Enterprise Paid Digital Marketing Manager,https://stripe.com/jobs/search?gh_jid=7617049,8a98610e1261b1081aecd407de1a11c4fa685634fe57441c6f8e589a2a087c1d,likely_nonfit,65,fail,82929064,DIGITAL-MEDIA,data/data/DIGITAL-MEDIA/82929064.pdf,clean_pdfs/jd_09/jd_09_r06_82929064.pdf,e9931f6738bd71e154c1b8e51adb37f56a8570209bdfbd96f1702981b0a90cb2,candidate_text/82929064.txt,candidate_screening/jd_09_82929064.json,1,2
jd_09_r07,jd_09,Enterprise Paid Digital Marketing Manager,https://stripe.com/jobs/search?gh_jid=7617049,8a98610e1261b1081aecd407de1a11c4fa685634fe57441c6f8e589a2a087c1d,likely_nonfit,65,fail,90685127,DIGITAL-MEDIA,data/data/DIGITAL-MEDIA/90685127.pdf,clean_pdfs/jd_09/jd_09_r07_90685127.pdf,bd912e225a239f2f162e2f29c0c09423f992408580691248fe7a4ae9c9c46970,candidate_text/90685127.txt,candidate_screening/jd_09_90685127.json,1,8
jd_09_r08,jd_09,Enterprise Paid Digital Marketing Manager,https://stripe.com/jobs/search?gh_jid=7617049,8a98610e1261b1081aecd407de1a11c4fa685634fe57441c6f8e589a2a087c1d,likely_nonfit,65,fail,79759716,BUSINESS-DEVELOPMENT,data/data/BUSINESS-DEVELOPMENT/79759716.pdf,clean_pdfs/jd_09/jd_09_r08_79759716.pdf,aae49235bafb3583c6350db5c7c99bb4ba945819490064af65ced12c686743f4,candidate_text/79759716.txt,candidate_screening/jd_09_79759716.json,2,11
jd_09_r09,jd_09,Enterprise Paid Digital Marketing Manager,https://stripe.com/jobs/search?gh_jid=7617049,8a98610e1261b1081aecd407de1a11c4fa685634fe57441c6f8e589a2a087c1d,likely_nonfit,65,fail,20330739,DIGITAL-MEDIA,data/data/DIGITAL-MEDIA/20330739.pdf,clean_pdfs/jd_09/jd_09_r09_20330739.pdf,91dca0aefe24d6cdf2a7430ba8c57b3cd50cf71d3cc3617628fbd8368f1afef3,candidate_text/20330739.txt,candidate_screening/jd_09_20330739.json,2,13
jd_09_r10,jd_09,Enterprise Paid Digital Marketing Manager,https://stripe.com/jobs/search?gh_jid=7617049,8a98610e1261b1081aecd407de1a11c4fa685634fe57441c6f8e589a2a087c1d,likely_nonfit,65,fail,18501746,DIGITAL-MEDIA,data/data/DIGITAL-MEDIA/18501746.pdf,clean_pdfs/jd_09/jd_09_r10_18501746.pdf,49307851c9976936375952546d6c1b4aa4386fb50212ced75caebf2c547458fc,candidate_text/18501746.txt,candidate_screening/jd_09_18501746.json,1,14
jd_10_r01,jd_10,"Marketing Coordinator, Home Game",https://jobs.lever.co/bellotalabs/a77e940d-1052-4363-802f-d64322a718fe,d8663606eee57ed7f21a4e04725b42490b4e922a0ae5ba945817cf38d8e06821,likely_fit,85,pass,28679359,DIGITAL-MEDIA,data/data/DIGITAL-MEDIA/28679359.pdf,clean_pdfs/jd_10/jd_10_r01_28679359.pdf,6494c216d31967c349a8aee772b03357fd69531c63208d90f9f5f1ea03ecbb5d,candidate_text/28679359.txt,candidate_screening/jd_10_28679359.json,2,1
jd_10_r02,jd_10,"Marketing Coordinator, Home Game",https://jobs.lever.co/bellotalabs/a77e940d-1052-4363-802f-d64322a718fe,d8663606eee57ed7f21a4e04725b42490b4e922a0ae5ba945817cf38d8e06821,likely_fit,85,pass,40883703,DIGITAL-MEDIA,data/data/DIGITAL-MEDIA/40883703.pdf,clean_pdfs/jd_10/jd_10_r02_40883703.pdf,09bb94a5a2362434e1ca97982766c8ce21f989747b4270302813ab09cb99923d,candidate_text/40883703.txt,candidate_screening/jd_10_40883703.json,2,2
jd_10_r03,jd_10,"Marketing Coordinator, Home Game",https://jobs.lever.co/bellotalabs/a77e940d-1052-4363-802f-d64322a718fe,d8663606eee57ed7f21a4e04725b42490b4e922a0ae5ba945817cf38d8e06821,likely_fit,85,pass,23810469,DIGITAL-MEDIA,data/data/DIGITAL-MEDIA/23810469.pdf,clean_pdfs/jd_10/jd_10_r03_23810469.pdf,4b893c6d170ef32c1ed8100810f23814e728e454e91528d521c28f2216496088,candidate_text/23810469.txt,candidate_screening/jd_10_23810469.json,2,4
jd_10_r04,jd_10,"Marketing Coordinator, Home Game",https://jobs.lever.co/bellotalabs/a77e940d-1052-4363-802f-d64322a718fe,d8663606eee57ed7f21a4e04725b42490b4e922a0ae5ba945817cf38d8e06821,likely_fit,85,pass,18354623,DIGITAL-MEDIA,data/data/DIGITAL-MEDIA/18354623.pdf,clean_pdfs/jd_10/jd_10_r04_18354623.pdf,f6c6a67d8de578090fea0674d4b90a05cdaf5814cb0a15e80d363d2ab2c702cd,candidate_text/18354623.txt,candidate_screening/jd_10_18354623.json,2,8
jd_10_r05,jd_10,"Marketing Coordinator, Home Game",https://jobs.lever.co/bellotalabs/a77e940d-1052-4363-802f-d64322a718fe,d8663606eee57ed7f21a4e04725b42490b4e922a0ae5ba945817cf38d8e06821,likely_fit,78,pass,50219114,DIGITAL-MEDIA,data/data/DIGITAL-MEDIA/50219114.pdf,clean_pdfs/jd_10/jd_10_r05_50219114.pdf,f3f82515e797204b39227c15ff3d78ee077813fc025ab790c144c2f742a8a4ad,candidate_text/50219114.txt,candidate_screening/jd_10_50219114.json,2,12
jd_10_r06,jd_10,"Marketing Coordinator, Home Game",https://jobs.lever.co/bellotalabs/a77e940d-1052-4363-802f-d64322a718fe,d8663606eee57ed7f21a4e04725b42490b4e922a0ae5ba945817cf38d8e06821,likely_nonfit,65,fail,68781345,BANKING,data/data/BANKING/68781345.pdf,clean_pdfs/jd_10/jd_10_r06_68781345.pdf,4e64f49320bf43e3348d3d4f2d897561cf08818533b668cf809b591fc434510c,candidate_text/68781345.txt,candidate_screening/jd_10_68781345.json,2,3
jd_10_r07,jd_10,"Marketing Coordinator, Home Game",https://jobs.lever.co/bellotalabs/a77e940d-1052-4363-802f-d64322a718fe,d8663606eee57ed7f21a4e04725b42490b4e922a0ae5ba945817cf38d8e06821,likely_nonfit,65,fail,82929064,DIGITAL-MEDIA,data/data/DIGITAL-MEDIA/82929064.pdf,clean_pdfs/jd_10/jd_10_r07_82929064.pdf,e9931f6738bd71e154c1b8e51adb37f56a8570209bdfbd96f1702981b0a90cb2,candidate_text/82929064.txt,candidate_screening/jd_10_82929064.json,1,9
jd_10_r08,jd_10,"Marketing Coordinator, Home Game",https://jobs.lever.co/bellotalabs/a77e940d-1052-4363-802f-d64322a718fe,d8663606eee57ed7f21a4e04725b42490b4e922a0ae5ba945817cf38d8e06821,likely_nonfit,65,fail,11160414,PUBLIC-RELATIONS,data/data/PUBLIC-RELATIONS/11160414.pdf,clean_pdfs/jd_10/jd_10_r08_11160414.pdf,42ba2e536fbb7b969f4f79b0e46cb7cb10ea270c3e058931a45c21e7ee5c982b,candidate_text/11160414.txt,candidate_screening/jd_10_11160414.json,2,10
jd_10_r09,jd_10,"Marketing Coordinator, Home Game",https://jobs.lever.co/bellotalabs/a77e940d-1052-4363-802f-d64322a718fe,d8663606eee57ed7f21a4e04725b42490b4e922a0ae5ba945817cf38d8e06821,likely_nonfit,65,fail,75329822,PUBLIC-RELATIONS,data/data/PUBLIC-RELATIONS/75329822.pdf,clean_pdfs/jd_10/jd_10_r09_75329822.pdf,5eb4936ee00e53982d3081548e0b4ddde1208560b64e2d605e02ca5e3f4709c7,candidate_text/75329822.txt,candidate_screening/jd_10_75329822.json,2,14
jd_10_r10,jd_10,"Marketing Coordinator, Home Game",https://jobs.lever.co/bellotalabs/a77e940d-1052-4363-802f-d64322a718fe,d8663606eee57ed7f21a4e04725b42490b4e922a0ae5ba945817cf38d8e06821,likely_nonfit,45,fail,20330739,DIGITAL-MEDIA,data/data/DIGITAL-MEDIA/20330739.pdf,clean_pdfs/jd_10/jd_10_r10_20330739.pdf,91dca0aefe24d6cdf2a7430ba8c57b3cd50cf71d3cc3617628fbd8368f1afef3,candidate_text/20330739.txt,candidate_screening/jd_10_20330739.json,2,6
jd_11_r01,jd_11,Lifecycle Marketing Manager,https://boards.greenhouse.io/robinhood/jobs/8119781?t=gh_src=&gh_jid=8119781,2b0cae019938ba30db5ac78c1d0ad90c5fe1fc42c30ff5a3a87e775c8e46a395,likely_fit,85,pass,27080812,DIGITAL-MEDIA,data/data/DIGITAL-MEDIA/27080812.pdf,clean_pdfs/jd_11/jd_11_r01_27080812.pdf,bc70d2ca8a341bcc618144c8bdc22213aaf8a8f834de71ab1288a7a167d653e9,candidate_text/27080812.txt,candidate_screening/jd_11_27080812.json,2,8
jd_11_r02,jd_11,Lifecycle Marketing Manager,https://boards.greenhouse.io/robinhood/jobs/8119781?t=gh_src=&gh_jid=8119781,2b0cae019938ba30db5ac78c1d0ad90c5fe1fc42c30ff5a3a87e775c8e46a395,likely_fit,85,pass,39166680,DIGITAL-MEDIA,data/data/DIGITAL-MEDIA/39166680.pdf,clean_pdfs/jd_11/jd_11_r02_39166680.pdf,503873485e80c2aadb57d23ca52b254bb8fb826a2d5842e0ba97d50e1849c72f,candidate_text/39166680.txt,candidate_screening/jd_11_39166680.json,2,11
jd_11_r03,jd_11,Lifecycle Marketing Manager,https://boards.greenhouse.io/robinhood/jobs/8119781?t=gh_src=&gh_jid=8119781,2b0cae019938ba30db5ac78c1d0ad90c5fe1fc42c30ff5a3a87e775c8e46a395,likely_fit,78,pass,23810469,DIGITAL-MEDIA,data/data/DIGITAL-MEDIA/23810469.pdf,clean_pdfs/jd_11/jd_11_r03_23810469.pdf,4b893c6d170ef32c1ed8100810f23814e728e454e91528d521c28f2216496088,candidate_text/23810469.txt,candidate_screening/jd_11_23810469.json,2,7
jd_11_r04,jd_11,Lifecycle Marketing Manager,https://boards.greenhouse.io/robinhood/jobs/8119781?t=gh_src=&gh_jid=8119781,2b0cae019938ba30db5ac78c1d0ad90c5fe1fc42c30ff5a3a87e775c8e46a395,likely_fit,78,pass,90685127,DIGITAL-MEDIA,data/data/DIGITAL-MEDIA/90685127.pdf,clean_pdfs/jd_11/jd_11_r04_90685127.pdf,bd912e225a239f2f162e2f29c0c09423f992408580691248fe7a4ae9c9c46970,candidate_text/90685127.txt,candidate_screening/jd_11_90685127.json,1,12
jd_11_r05,jd_11,Lifecycle Marketing Manager,https://boards.greenhouse.io/robinhood/jobs/8119781?t=gh_src=&gh_jid=8119781,2b0cae019938ba30db5ac78c1d0ad90c5fe1fc42c30ff5a3a87e775c8e46a395,likely_fit,75,pass,40883703,DIGITAL-MEDIA,data/data/DIGITAL-MEDIA/40883703.pdf,clean_pdfs/jd_11/jd_11_r05_40883703.pdf,09bb94a5a2362434e1ca97982766c8ce21f989747b4270302813ab09cb99923d,candidate_text/40883703.txt,candidate_screening/jd_11_40883703.json,2,1
jd_11_r06,jd_11,Lifecycle Marketing Manager,https://boards.greenhouse.io/robinhood/jobs/8119781?t=gh_src=&gh_jid=8119781,2b0cae019938ba30db5ac78c1d0ad90c5fe1fc42c30ff5a3a87e775c8e46a395,likely_nonfit,65,fail,24574164,DIGITAL-MEDIA,data/data/DIGITAL-MEDIA/24574164.pdf,clean_pdfs/jd_11/jd_11_r06_24574164.pdf,12e37567707546331aef84df75612a26ee3fa1c6498bba9040ecf28763f56694,candidate_text/24574164.txt,candidate_screening/jd_11_24574164.json,3,15
jd_11_r07,jd_11,Lifecycle Marketing Manager,https://boards.greenhouse.io/robinhood/jobs/8119781?t=gh_src=&gh_jid=8119781,2b0cae019938ba30db5ac78c1d0ad90c5fe1fc42c30ff5a3a87e775c8e46a395,likely_nonfit,65,fail,22706174,DIGITAL-MEDIA,data/data/DIGITAL-MEDIA/22706174.pdf,clean_pdfs/jd_11/jd_11_r07_22706174.pdf,ef7658994a5841327ee174a3e8c989e6301fcceae0c47509fc2601137c2ea28b,candidate_text/22706174.txt,candidate_screening/jd_11_22706174.json,2,18
jd_11_r08,jd_11,Lifecycle Marketing Manager,https://boards.greenhouse.io/robinhood/jobs/8119781?t=gh_src=&gh_jid=8119781,2b0cae019938ba30db5ac78c1d0ad90c5fe1fc42c30ff5a3a87e775c8e46a395,likely_nonfit,65,fail,25038571,DIGITAL-MEDIA,data/data/DIGITAL-MEDIA/25038571.pdf,clean_pdfs/jd_11/jd_11_r08_25038571.pdf,12c0b356d8bb7948eadefb49ae1b616d64e0bca70c322e754f5d87d30e9628ab,candidate_text/25038571.txt,candidate_screening/jd_11_25038571.json,2,30
jd_11_r09,jd_11,Lifecycle Marketing Manager,https://boards.greenhouse.io/robinhood/jobs/8119781?t=gh_src=&gh_jid=8119781,2b0cae019938ba30db5ac78c1d0ad90c5fe1fc42c30ff5a3a87e775c8e46a395,likely_nonfit,35,fail,70196518,DIGITAL-MEDIA,data/data/DIGITAL-MEDIA/70196518.pdf,clean_pdfs/jd_11/jd_11_r09_70196518.pdf,3dc9cb056d027d62186eb6fb92cf4cdd0d7b9a7b12615aac86d806df1e89b6e5,candidate_text/70196518.txt,candidate_screening/jd_11_70196518.json,1,69
jd_11_r10,jd_11,Lifecycle Marketing Manager,https://boards.greenhouse.io/robinhood/jobs/8119781?t=gh_src=&gh_jid=8119781,2b0cae019938ba30db5ac78c1d0ad90c5fe1fc42c30ff5a3a87e775c8e46a395,likely_nonfit,45,fail,11902276,PUBLIC-RELATIONS,data/data/PUBLIC-RELATIONS/11902276.pdf,clean_pdfs/jd_11/jd_11_r10_11902276.pdf,039ab0a4708c90f3af0bac6427006fda2fe618aa33d9df402268dfc4fd2cf863,candidate_text/11902276.txt,candidate_screening/jd_11_11902276.json,2,40
jd_12_r01,jd_12,Employee Relations Business Partner,https://boards.greenhouse.io/robinhood/jobs/8051290?t=gh_src=&gh_jid=8051290,0a2d440c68d0d0db8e91a30c85a7a3464856b723a5b9fea756abf89da60d9459,likely_fit,85,pass,93112113,HR,data/data/HR/93112113.pdf,clean_pdfs/jd_12/jd_12_r01_93112113.pdf,38c455b1f58218332f075a2ae5ad1cfaec372de18952b69dbca555b5b30068a9,candidate_text/93112113.txt,candidate_screening/jd_12_93112113.json,2,1
jd_12_r02,jd_12,Employee Relations Business Partner,https://boards.greenhouse.io/robinhood/jobs/8051290?t=gh_src=&gh_jid=8051290,0a2d440c68d0d0db8e91a30c85a7a3464856b723a5b9fea756abf89da60d9459,likely_fit,85,pass,44476983,HR,data/data/HR/44476983.pdf,clean_pdfs/jd_12/jd_12_r02_44476983.pdf,3720fc5dea61f96ff62daf94e23151eafd787feff81c05524add686c31bb2d10,candidate_text/44476983.txt,candidate_screening/jd_12_44476983.json,2,2
jd_12_r03,jd_12,Employee Relations Business Partner,https://boards.greenhouse.io/robinhood/jobs/8051290?t=gh_src=&gh_jid=8051290,0a2d440c68d0d0db8e91a30c85a7a3464856b723a5b9fea756abf89da60d9459,likely_fit,85,pass,17812897,HR,data/data/HR/17812897.pdf,clean_pdfs/jd_12/jd_12_r03_17812897.pdf,b73a8b9d5cde7a1928805b13858e1f8cd413d4c9a0ca11d06104161f445c9064,candidate_text/17812897.txt,candidate_screening/jd_12_17812897.json,2,6
jd_12_r04,jd_12,Employee Relations Business Partner,https://boards.greenhouse.io/robinhood/jobs/8051290?t=gh_src=&gh_jid=8051290,0a2d440c68d0d0db8e91a30c85a7a3464856b723a5b9fea756abf89da60d9459,likely_fit,85,pass,30563572,HR,data/data/HR/30563572.pdf,clean_pdfs/jd_12/jd_12_r04_30563572.pdf,cfef10d8fffc4cfad603ce72c2232a8acb42b7792abccd40c8fa33b7ee545930,candidate_text/30563572.txt,candidate_screening/jd_12_30563572.json,2,8
jd_12_r05,jd_12,Employee Relations Business Partner,https://boards.greenhouse.io/robinhood/jobs/8051290?t=gh_src=&gh_jid=8051290,0a2d440c68d0d0db8e91a30c85a7a3464856b723a5b9fea756abf89da60d9459,likely_fit,85,pass,21265194,HR,data/data/HR/21265194.pdf,clean_pdfs/jd_12/jd_12_r05_21265194.pdf,421b3e8caa36dd2fad167f307a0bdd088624b4f695a35609138288c3f0c871a1,candidate_text/21265194.txt,candidate_screening/jd_12_21265194.json,3,9
jd_12_r06,jd_12,Employee Relations Business Partner,https://boards.greenhouse.io/robinhood/jobs/8051290?t=gh_src=&gh_jid=8051290,0a2d440c68d0d0db8e91a30c85a7a3464856b723a5b9fea756abf89da60d9459,likely_nonfit,65,fail,24184357,HR,data/data/HR/24184357.pdf,clean_pdfs/jd_12/jd_12_r06_24184357.pdf,2fa8349a07da15209d7cd6bd1b4445bb6b7e4bf3c777093c99760fe2ff2fcd01,candidate_text/24184357.txt,candidate_screening/jd_12_24184357.json,2,7
jd_12_r07,jd_12,Employee Relations Business Partner,https://boards.greenhouse.io/robinhood/jobs/8051290?t=gh_src=&gh_jid=8051290,0a2d440c68d0d0db8e91a30c85a7a3464856b723a5b9fea756abf89da60d9459,likely_nonfit,65,fail,29297393,CONSULTANT,data/data/CONSULTANT/29297393.pdf,clean_pdfs/jd_12/jd_12_r07_29297393.pdf,9fa46c0212c166fb118f69b2b760a31408d0e87e28453a4e364d4a0a26f91cab,candidate_text/29297393.txt,candidate_screening/jd_12_29297393.json,4,17
jd_12_r08,jd_12,Employee Relations Business Partner,https://boards.greenhouse.io/robinhood/jobs/8051290?t=gh_src=&gh_jid=8051290,0a2d440c68d0d0db8e91a30c85a7a3464856b723a5b9fea756abf89da60d9459,likely_nonfit,65,fail,11152490,AUTOMOBILE,data/data/AUTOMOBILE/11152490.pdf,clean_pdfs/jd_12/jd_12_r08_11152490.pdf,38b7e39947a6ff39bdd29cb0020317e38c1ec4f8c7c22edd74b80e8817a358e7,candidate_text/11152490.txt,candidate_screening/jd_12_11152490.json,3,18
jd_12_r09,jd_12,Employee Relations Business Partner,https://boards.greenhouse.io/robinhood/jobs/8051290?t=gh_src=&gh_jid=8051290,0a2d440c68d0d0db8e91a30c85a7a3464856b723a5b9fea756abf89da60d9459,likely_nonfit,45,fail,29221006,AVIATION,data/data/AVIATION/29221006.pdf,clean_pdfs/jd_12/jd_12_r09_29221006.pdf,cd2a81d2cc67f482b2272a73d7d1d199cb4fbc06ab428afe64aea5d3cacdf867,candidate_text/29221006.txt,candidate_screening/jd_12_29221006.json,3,41
jd_12_r10,jd_12,Employee Relations Business Partner,https://boards.greenhouse.io/robinhood/jobs/8051290?t=gh_src=&gh_jid=8051290,0a2d440c68d0d0db8e91a30c85a7a3464856b723a5b9fea756abf89da60d9459,likely_nonfit,45,fail,35474904,ADVOCATE,data/data/ADVOCATE/35474904.pdf,clean_pdfs/jd_12/jd_12_r10_35474904.pdf,7b7f0343016c5dd97c0121dbaede80d9c20186113462029c35c6fe2ab6c11cbe,candidate_text/35474904.txt,candidate_screening/jd_12_35474904.json,2,30
jd_13_r01,jd_13,Graphic Designer,https://jobs.lever.co/numeris/fdc2c88a-cf4c-45f2-892e-0dbef1bcf5d0,5926ce0f64eb58a2fc99d1a6fcaffbba82b21c159b0560c2662f0b3ceee6c7a0,likely_fit,78,pass,26676567,DESIGNER,data/data/DESIGNER/26676567.pdf,clean_pdfs/jd_13/jd_13_r01_26676567.pdf,9ca7d3a07e9950cccea80e46524ef98a941442ca1e0d6942d2cbd9edb028298d,candidate_text/26676567.txt,candidate_screening/jd_13_26676567.json,5,15
jd_13_r02,jd_13,Graphic Designer,https://jobs.lever.co/numeris/fdc2c88a-cf4c-45f2-892e-0dbef1bcf5d0,5926ce0f64eb58a2fc99d1a6fcaffbba82b21c159b0560c2662f0b3ceee6c7a0,likely_fit,78,pass,15425154,DESIGNER,data/data/DESIGNER/15425154.pdf,clean_pdfs/jd_13/jd_13_r02_15425154.pdf,3d0567003171f122bb68026b97bd398b9f3c3efbdc925c7f80e94a5eb66adcf2,candidate_text/15425154.txt,candidate_screening/jd_13_15425154.json,2,19
jd_13_r03,jd_13,Graphic Designer,https://jobs.lever.co/numeris/fdc2c88a-cf4c-45f2-892e-0dbef1bcf5d0,5926ce0f64eb58a2fc99d1a6fcaffbba82b21c159b0560c2662f0b3ceee6c7a0,likely_fit,78,pass,54201930,DESIGNER,data/data/DESIGNER/54201930.pdf,clean_pdfs/jd_13/jd_13_r03_54201930.pdf,d708f09d60269a96a7af1a4a38569417f621b1a09e809ea0b52fb043c9e1f67f,candidate_text/54201930.txt,candidate_screening/jd_13_54201930.json,2,21
jd_13_r04,jd_13,Graphic Designer,https://jobs.lever.co/numeris/fdc2c88a-cf4c-45f2-892e-0dbef1bcf5d0,5926ce0f64eb58a2fc99d1a6fcaffbba82b21c159b0560c2662f0b3ceee6c7a0,likely_fit,78,pass,22560013,PUBLIC-RELATIONS,data/data/PUBLIC-RELATIONS/22560013.pdf,clean_pdfs/jd_13/jd_13_r04_22560013.pdf,e8896ecf52edac5d06097c277a622a1efc02f3325603b4947166c6bcab2347f8,candidate_text/22560013.txt,candidate_screening/jd_13_22560013.json,2,35
jd_13_r05,jd_13,Graphic Designer,https://jobs.lever.co/numeris/fdc2c88a-cf4c-45f2-892e-0dbef1bcf5d0,5926ce0f64eb58a2fc99d1a6fcaffbba82b21c159b0560c2662f0b3ceee6c7a0,likely_fit,75,pass,25422388,DESIGNER,data/data/DESIGNER/25422388.pdf,clean_pdfs/jd_13/jd_13_r05_25422388.pdf,0ff93283a84502de85652e091d2949e0d555f5245e41d34e03a30f7832c99686,candidate_text/25422388.txt,candidate_screening/jd_13_25422388.json,2,2
jd_13_r06,jd_13,Graphic Designer,https://jobs.lever.co/numeris/fdc2c88a-cf4c-45f2-892e-0dbef1bcf5d0,5926ce0f64eb58a2fc99d1a6fcaffbba82b21c159b0560c2662f0b3ceee6c7a0,likely_nonfit,65,fail,26046064,DESIGNER,data/data/DESIGNER/26046064.pdf,clean_pdfs/jd_13/jd_13_r06_26046064.pdf,88288c67061b5b7ca63e1c260eda367d2df7f8d64a3b32cbd9b59d9d6489613b,candidate_text/26046064.txt,candidate_screening/jd_13_26046064.json,1,1
jd_13_r07,jd_13,Graphic Designer,https://jobs.lever.co/numeris/fdc2c88a-cf4c-45f2-892e-0dbef1bcf5d0,5926ce0f64eb58a2fc99d1a6fcaffbba82b21c159b0560c2662f0b3ceee6c7a0,likely_nonfit,65,fail,29147100,DESIGNER,data/data/DESIGNER/29147100.pdf,clean_pdfs/jd_13/jd_13_r07_29147100.pdf,9d00a6ed0dc6f6e51a687939906f26e3bd81b33e333a0794000e2ef324b2bd6a,candidate_text/29147100.txt,candidate_screening/jd_13_29147100.json,1,6
jd_13_r08,jd_13,Graphic Designer,https://jobs.lever.co/numeris/fdc2c88a-cf4c-45f2-892e-0dbef1bcf5d0,5926ce0f64eb58a2fc99d1a6fcaffbba82b21c159b0560c2662f0b3ceee6c7a0,likely_nonfit,65,fail,50219114,DIGITAL-MEDIA,data/data/DIGITAL-MEDIA/50219114.pdf,clean_pdfs/jd_13/jd_13_r08_50219114.pdf,f3f82515e797204b39227c15ff3d78ee077813fc025ab790c144c2f742a8a4ad,candidate_text/50219114.txt,candidate_screening/jd_13_50219114.json,2,7
jd_13_r09,jd_13,Graphic Designer,https://jobs.lever.co/numeris/fdc2c88a-cf4c-45f2-892e-0dbef1bcf5d0,5926ce0f64eb58a2fc99d1a6fcaffbba82b21c159b0560c2662f0b3ceee6c7a0,likely_nonfit,30,fail,24574164,DIGITAL-MEDIA,data/data/DIGITAL-MEDIA/24574164.pdf,clean_pdfs/jd_13/jd_13_r09_24574164.pdf,12e37567707546331aef84df75612a26ee3fa1c6498bba9040ecf28763f56694,candidate_text/24574164.txt,candidate_screening/jd_13_24574164.json,3,30
jd_13_r10,jd_13,Graphic Designer,https://jobs.lever.co/numeris/fdc2c88a-cf4c-45f2-892e-0dbef1bcf5d0,5926ce0f64eb58a2fc99d1a6fcaffbba82b21c159b0560c2662f0b3ceee6c7a0,likely_nonfit,45,fail,18795567,DESIGNER,data/data/DESIGNER/18795567.pdf,clean_pdfs/jd_13/jd_13_r10_18795567.pdf,d6f8ca8ff8de9c97bf3bf27ee503f180336dd53ece273751a17a34746e419bd9,candidate_text/18795567.txt,candidate_screening/jd_13_18795567.json,2,37
jd_14_r01,jd_14,Junior Creative Visual Designer,https://jobs.lever.co/ana-corp/09422548-cf87-432b-8e08-1293de56274d,417989c042bc6596864e78fb262ce921f69e90b39c8260e48fa75cc23a821c9c,likely_fit,85,pass,54201930,DESIGNER,data/data/DESIGNER/54201930.pdf,clean_pdfs/jd_14/jd_14_r01_54201930.pdf,d708f09d60269a96a7af1a4a38569417f621b1a09e809ea0b52fb043c9e1f67f,candidate_text/54201930.txt,candidate_screening/jd_14_54201930.json,2,4
jd_14_r02,jd_14,Junior Creative Visual Designer,https://jobs.lever.co/ana-corp/09422548-cf87-432b-8e08-1293de56274d,417989c042bc6596864e78fb262ce921f69e90b39c8260e48fa75cc23a821c9c,likely_fit,85,pass,15425154,DESIGNER,data/data/DESIGNER/15425154.pdf,clean_pdfs/jd_14/jd_14_r02_15425154.pdf,3d0567003171f122bb68026b97bd398b9f3c3efbdc925c7f80e94a5eb66adcf2,candidate_text/15425154.txt,candidate_screening/jd_14_15425154.json,2,7
jd_14_r03,jd_14,Junior Creative Visual Designer,https://jobs.lever.co/ana-corp/09422548-cf87-432b-8e08-1293de56274d,417989c042bc6596864e78fb262ce921f69e90b39c8260e48fa75cc23a821c9c,likely_fit,85,pass,26496059,DESIGNER,data/data/DESIGNER/26496059.pdf,clean_pdfs/jd_14/jd_14_r03_26496059.pdf,2d8ac018b065dc86559efec622c6c253aa93d7ebc2156bd45d63f471c3083097,candidate_text/26496059.txt,candidate_screening/jd_14_26496059.json,3,10
jd_14_r04,jd_14,Junior Creative Visual Designer,https://jobs.lever.co/ana-corp/09422548-cf87-432b-8e08-1293de56274d,417989c042bc6596864e78fb262ce921f69e90b39c8260e48fa75cc23a821c9c,likely_fit,85,pass,22560013,PUBLIC-RELATIONS,data/data/PUBLIC-RELATIONS/22560013.pdf,clean_pdfs/jd_14/jd_14_r04_22560013.pdf,e8896ecf52edac5d06097c277a622a1efc02f3325603b4947166c6bcab2347f8,candidate_text/22560013.txt,candidate_screening/jd_14_22560013.json,2,14
jd_14_r05,jd_14,Junior Creative Visual Designer,https://jobs.lever.co/ana-corp/09422548-cf87-432b-8e08-1293de56274d,417989c042bc6596864e78fb262ce921f69e90b39c8260e48fa75cc23a821c9c,likely_fit,75,pass,25422388,DESIGNER,data/data/DESIGNER/25422388.pdf,clean_pdfs/jd_14/jd_14_r05_25422388.pdf,0ff93283a84502de85652e091d2949e0d555f5245e41d34e03a30f7832c99686,candidate_text/25422388.txt,candidate_screening/jd_14_25422388.json,2,1
jd_14_r06,jd_14,Junior Creative Visual Designer,https://jobs.lever.co/ana-corp/09422548-cf87-432b-8e08-1293de56274d,417989c042bc6596864e78fb262ce921f69e90b39c8260e48fa75cc23a821c9c,likely_nonfit,65,fail,16887936,ARTS,data/data/ARTS/16887936.pdf,clean_pdfs/jd_14/jd_14_r06_16887936.pdf,1da25c2b2666ffa2555ebd1b45a2974391cb36eaab0525433dc2cedfc0c99507,candidate_text/16887936.txt,candidate_screening/jd_14_16887936.json,2,5
jd_14_r07,jd_14,Junior Creative Visual Designer,https://jobs.lever.co/ana-corp/09422548-cf87-432b-8e08-1293de56274d,417989c042bc6596864e78fb262ce921f69e90b39c8260e48fa75cc23a821c9c,likely_nonfit,65,fail,13014900,DESIGNER,data/data/DESIGNER/13014900.pdf,clean_pdfs/jd_14/jd_14_r07_13014900.pdf,85c353d598229ce2fea2260ec54945a2fb9ac07cbb266ac48b2ddc3ec114384e,candidate_text/13014900.txt,candidate_screening/jd_14_13014900.json,5,6
jd_14_r08,jd_14,Junior Creative Visual Designer,https://jobs.lever.co/ana-corp/09422548-cf87-432b-8e08-1293de56274d,417989c042bc6596864e78fb262ce921f69e90b39c8260e48fa75cc23a821c9c,likely_nonfit,45,fail,23810469,DIGITAL-MEDIA,data/data/DIGITAL-MEDIA/23810469.pdf,clean_pdfs/jd_14/jd_14_r08_23810469.pdf,4b893c6d170ef32c1ed8100810f23814e728e454e91528d521c28f2216496088,candidate_text/23810469.txt,candidate_screening/jd_14_23810469.json,2,9
jd_14_r09,jd_14,Junior Creative Visual Designer,https://jobs.lever.co/ana-corp/09422548-cf87-432b-8e08-1293de56274d,417989c042bc6596864e78fb262ce921f69e90b39c8260e48fa75cc23a821c9c,likely_nonfit,45,fail,19497420,PUBLIC-RELATIONS,data/data/PUBLIC-RELATIONS/19497420.pdf,clean_pdfs/jd_14/jd_14_r09_19497420.pdf,2a8f40f1e96b8ac9cd7c455a8ed1aa9ab5c19c021e25aceb96c9503d05ba9fd2,candidate_text/19497420.txt,candidate_screening/jd_14_19497420.json,2,11
jd_14_r10,jd_14,Junior Creative Visual Designer,https://jobs.lever.co/ana-corp/09422548-cf87-432b-8e08-1293de56274d,417989c042bc6596864e78fb262ce921f69e90b39c8260e48fa75cc23a821c9c,likely_nonfit,45,fail,23951429,DESIGNER,data/data/DESIGNER/23951429.pdf,clean_pdfs/jd_14/jd_14_r10_23951429.pdf,ca5afd5d3e46b0315a8b708a016d12f9a385cdd176f439d5d5791ce14244ab76,candidate_text/23951429.txt,candidate_screening/jd_14_23951429.json,1,13
jd_15_r01,jd_15,University Recruiter,https://stripe.com/jobs/search?gh_jid=8159355,656dd78e73a50de835ed4e893d06cd0f10250d08ff28997864f793133bd210de,likely_fit,85,pass,18827609,HR,data/data/HR/18827609.pdf,clean_pdfs/jd_15/jd_15_r01_18827609.pdf,01706254e879fff2fc8ee407ae7b8ef1554fc164350263c923e19548f698a2d7,candidate_text/18827609.txt,candidate_screening/jd_15_18827609.json,2,1
jd_15_r02,jd_15,University Recruiter,https://stripe.com/jobs/search?gh_jid=8159355,656dd78e73a50de835ed4e893d06cd0f10250d08ff28997864f793133bd210de,likely_fit,85,pass,19179079,HR,data/data/HR/19179079.pdf,clean_pdfs/jd_15/jd_15_r02_19179079.pdf,bd02cc351dcb0571ec60edc0f6068d802d289626e51ddb336ee60b83cb9d0ca4,candidate_text/19179079.txt,candidate_screening/jd_15_19179079.json,3,2
jd_15_r03,jd_15,University Recruiter,https://stripe.com/jobs/search?gh_jid=8159355,656dd78e73a50de835ed4e893d06cd0f10250d08ff28997864f793133bd210de,likely_fit,75,pass,91930382,HR,data/data/HR/91930382.pdf,clean_pdfs/jd_15/jd_15_r03_91930382.pdf,26cad4d2cd6f94d7ee469863593bb87b0b361ea9083bde532204bcce2bc8e39a,candidate_text/91930382.txt,candidate_screening/jd_15_91930382.json,1,6
jd_15_r04,jd_15,University Recruiter,https://stripe.com/jobs/search?gh_jid=8159355,656dd78e73a50de835ed4e893d06cd0f10250d08ff28997864f793133bd210de,likely_fit,75,pass,25676643,HR,data/data/HR/25676643.pdf,clean_pdfs/jd_15/jd_15_r04_25676643.pdf,c5d1d1679982be712629282710910547b01d28448fde1f16aaa6cd87ff8e2fbb,candidate_text/25676643.txt,candidate_screening/jd_15_25676643.json,3,13
jd_15_r05,jd_15,University Recruiter,https://stripe.com/jobs/search?gh_jid=8159355,656dd78e73a50de835ed4e893d06cd0f10250d08ff28997864f793133bd210de,likely_fit,75,pass,24508725,HR,data/data/HR/24508725.pdf,clean_pdfs/jd_15/jd_15_r05_24508725.pdf,37b044f3ab06f5d37bf7d1d6b0284ae99bae2aeb28171bf93b6189b0cf27517b,candidate_text/24508725.txt,candidate_screening/jd_15_24508725.json,3,15
jd_15_r06,jd_15,University Recruiter,https://stripe.com/jobs/search?gh_jid=8159355,656dd78e73a50de835ed4e893d06cd0f10250d08ff28997864f793133bd210de,likely_nonfit,65,fail,18297650,HR,data/data/HR/18297650.pdf,clean_pdfs/jd_15/jd_15_r06_18297650.pdf,20f95566d86a8dfc621b15304c016e5e369243b71bf803abcc351e0f93a51df3,candidate_text/18297650.txt,candidate_screening/jd_15_18297650.json,2,5
jd_15_r07,jd_15,University Recruiter,https://stripe.com/jobs/search?gh_jid=8159355,656dd78e73a50de835ed4e893d06cd0f10250d08ff28997864f793133bd210de,likely_nonfit,65,fail,13520837,HR,data/data/HR/13520837.pdf,clean_pdfs/jd_15/jd_15_r07_13520837.pdf,03b2a17fe45316403508c5e11a86e19f58c2d84577e1b421dc440de44a814bf2,candidate_text/13520837.txt,candidate_screening/jd_15_13520837.json,2,12
jd_15_r08,jd_15,University Recruiter,https://stripe.com/jobs/search?gh_jid=8159355,656dd78e73a50de835ed4e893d06cd0f10250d08ff28997864f793133bd210de,likely_nonfit,65,fail,46258701,HR,data/data/HR/46258701.pdf,clean_pdfs/jd_15/jd_15_r08_46258701.pdf,232ab1876d069e2704e45d9246559cbd97f151730305c7cf17cb8efcc19e321e,candidate_text/46258701.txt,candidate_screening/jd_15_46258701.json,1,48
jd_15_r09,jd_15,University Recruiter,https://stripe.com/jobs/search?gh_jid=8159355,656dd78e73a50de835ed4e893d06cd0f10250d08ff28997864f793133bd210de,likely_nonfit,45,fail,17812897,HR,data/data/HR/17812897.pdf,clean_pdfs/jd_15/jd_15_r09_17812897.pdf,b73a8b9d5cde7a1928805b13858e1f8cd413d4c9a0ca11d06104161f445c9064,candidate_text/17812897.txt,candidate_screening/jd_15_17812897.json,2,38
jd_15_r10,jd_15,University Recruiter,https://stripe.com/jobs/search?gh_jid=8159355,656dd78e73a50de835ed4e893d06cd0f10250d08ff28997864f793133bd210de,likely_nonfit,45,fail,30563572,HR,data/data/HR/30563572.pdf,clean_pdfs/jd_15/jd_15_r10_30563572.pdf,cfef10d8fffc4cfad603ce72c2232a8acb42b7792abccd40c8fa33b7ee545930,candidate_text/30563572.txt,candidate_screening/jd_15_30563572.json,2,53
jd_16_r01,jd_16,Inside Sales Representative,https://jobs.lever.co/promenade/047dda0d-f2b7-4157-9a53-8b27c74e0750,4ac05700746df6b820eb82334726a3634f23f74ec1b2efd974b18a753b8b0511,likely_fit,85,pass,41651672,BANKING,data/data/BANKING/41651672.pdf,clean_pdfs/jd_16/jd_16_r01_41651672.pdf,417eb8b9e5954a694dcf8e8b2586125441d21b43e65b8220295d52738c534250,candidate_text/41651672.txt,candidate_screening/jd_16_41651672.json,1,3
jd_16_r02,jd_16,Inside Sales Representative,https://jobs.lever.co/promenade/047dda0d-f2b7-4157-9a53-8b27c74e0750,4ac05700746df6b820eb82334726a3634f23f74ec1b2efd974b18a753b8b0511,likely_fit,85,pass,15811992,BUSINESS-DEVELOPMENT,data/data/BUSINESS-DEVELOPMENT/15811992.pdf,clean_pdfs/jd_16/jd_16_r02_15811992.pdf,edb70e1d807eb55d4228cc0c819925d33557509407bb1a5edc3b0f17f15eebe5,candidate_text/15811992.txt,candidate_screening/jd_16_15811992.json,2,9
jd_16_r03,jd_16,Inside Sales Representative,https://jobs.lever.co/promenade/047dda0d-f2b7-4157-9a53-8b27c74e0750,4ac05700746df6b820eb82334726a3634f23f74ec1b2efd974b18a753b8b0511,likely_fit,78,pass,17714174,APPAREL,data/data/APPAREL/17714174.pdf,clean_pdfs/jd_16/jd_16_r03_17714174.pdf,487b6582b594b110eee3c54c3f6ac82f19d3bb58c5a0cecb0e010ae35a35a364,candidate_text/17714174.txt,candidate_screening/jd_16_17714174.json,3,2
jd_16_r04,jd_16,Inside Sales Representative,https://jobs.lever.co/promenade/047dda0d-f2b7-4157-9a53-8b27c74e0750,4ac05700746df6b820eb82334726a3634f23f74ec1b2efd974b18a753b8b0511,likely_fit,75,pass,91467795,BUSINESS-DEVELOPMENT,data/data/BUSINESS-DEVELOPMENT/91467795.pdf,clean_pdfs/jd_16/jd_16_r04_91467795.pdf,1fd2ff4c5f747273b2c7f5a8f6c50a9798eb46b10a93097ca54d22b3dc1b31ea,candidate_text/91467795.txt,candidate_screening/jd_16_91467795.json,2,5
jd_16_r05,jd_16,Inside Sales Representative,https://jobs.lever.co/promenade/047dda0d-f2b7-4157-9a53-8b27c74e0750,4ac05700746df6b820eb82334726a3634f23f74ec1b2efd974b18a753b8b0511,likely_fit,75,pass,27937592,BUSINESS-DEVELOPMENT,data/data/BUSINESS-DEVELOPMENT/27937592.pdf,clean_pdfs/jd_16/jd_16_r05_27937592.pdf,d9f9df048c363705623678dfbfb3e836358084ce890abf6e2ecbfc3f37282bae,candidate_text/27937592.txt,candidate_screening/jd_16_27937592.json,2,13
jd_16_r06,jd_16,Inside Sales Representative,https://jobs.lever.co/promenade/047dda0d-f2b7-4157-9a53-8b27c74e0750,4ac05700746df6b820eb82334726a3634f23f74ec1b2efd974b18a753b8b0511,likely_nonfit,65,fail,47067533,BUSINESS-DEVELOPMENT,data/data/BUSINESS-DEVELOPMENT/47067533.pdf,clean_pdfs/jd_16/jd_16_r06_47067533.pdf,24f2240e0d111053dfa8e0302b8b0da3d4e720890d69e3fd1409a54ffba3d814,candidate_text/47067533.txt,candidate_screening/jd_16_47067533.json,2,7
jd_16_r07,jd_16,Inside Sales Representative,https://jobs.lever.co/promenade/047dda0d-f2b7-4157-9a53-8b27c74e0750,4ac05700746df6b820eb82334726a3634f23f74ec1b2efd974b18a753b8b0511,likely_nonfit,65,fail,12315079,HEALTHCARE,data/data/HEALTHCARE/12315079.pdf,clean_pdfs/jd_16/jd_16_r07_12315079.pdf,635d6712c7082a184b6d5a5d4bb80b430df60a77cf886518e738158a8f421c47,candidate_text/12315079.txt,candidate_screening/jd_16_12315079.json,2,8
jd_16_r08,jd_16,Inside Sales Representative,https://jobs.lever.co/promenade/047dda0d-f2b7-4157-9a53-8b27c74e0750,4ac05700746df6b820eb82334726a3634f23f74ec1b2efd974b18a753b8b0511,likely_nonfit,65,fail,40792022,BUSINESS-DEVELOPMENT,data/data/BUSINESS-DEVELOPMENT/40792022.pdf,clean_pdfs/jd_16/jd_16_r08_40792022.pdf,f835650ecf1248063311bf7e02f27aba55d7353d549a30fa37d0ad59fb17f004,candidate_text/40792022.txt,candidate_screening/jd_16_40792022.json,2,11
jd_16_r09,jd_16,Inside Sales Representative,https://jobs.lever.co/promenade/047dda0d-f2b7-4157-9a53-8b27c74e0750,4ac05700746df6b820eb82334726a3634f23f74ec1b2efd974b18a753b8b0511,likely_nonfit,65,fail,10464113,SALES,data/data/SALES/10464113.pdf,clean_pdfs/jd_16/jd_16_r09_10464113.pdf,9a24676339c91d29cfd4450cf1b05dea637d9a46ae4be6b0fe51154ccce4bf3d,candidate_text/10464113.txt,candidate_screening/jd_16_10464113.json,2,12
jd_16_r10,jd_16,Inside Sales Representative,https://jobs.lever.co/promenade/047dda0d-f2b7-4157-9a53-8b27c74e0750,4ac05700746df6b820eb82334726a3634f23f74ec1b2efd974b18a753b8b0511,likely_nonfit,65,fail,32433431,CONSULTANT,data/data/CONSULTANT/32433431.pdf,clean_pdfs/jd_16/jd_16_r10_32433431.pdf,eece9c5a44a59f2bf51f5fcf9d9716d40929d70a7af8b73c56c4ff9607d59cff,candidate_text/32433431.txt,candidate_screening/jd_16_32433431.json,2,18
jd_17_r01,jd_17,Social Media Coordinator,https://jobs.lever.co/promenade/4d44c10a-9621-4e03-8e52-69ffbe633abb,47686a4f9bfbb96271e9b6bd1f457f65215f3d85c54ae59dc9a0d87170670523,likely_fit,85,pass,15479281,APPAREL,data/data/APPAREL/15479281.pdf,clean_pdfs/jd_17/jd_17_r01_15479281.pdf,1e594baccbc5a84a7b48d028ab9122819e26c3b2fc563b1b6a2e931a6f0b47dd,candidate_text/15479281.txt,candidate_screening/jd_17_15479281.json,2,1
jd_17_r02,jd_17,Social Media Coordinator,https://jobs.lever.co/promenade/4d44c10a-9621-4e03-8e52-69ffbe633abb,47686a4f9bfbb96271e9b6bd1f457f65215f3d85c54ae59dc9a0d87170670523,likely_fit,85,pass,22754014,PUBLIC-RELATIONS,data/data/PUBLIC-RELATIONS/22754014.pdf,clean_pdfs/jd_17/jd_17_r02_22754014.pdf,f0f79a3e8983fab95fcde72d50e9c8d534d875686a199d10888c50fc1f0a38c3,candidate_text/22754014.txt,candidate_screening/jd_17_22754014.json,2,5
jd_17_r03,jd_17,Social Media Coordinator,https://jobs.lever.co/promenade/4d44c10a-9621-4e03-8e52-69ffbe633abb,47686a4f9bfbb96271e9b6bd1f457f65215f3d85c54ae59dc9a0d87170670523,likely_fit,85,pass,19444529,DIGITAL-MEDIA,data/data/DIGITAL-MEDIA/19444529.pdf,clean_pdfs/jd_17/jd_17_r03_19444529.pdf,39f287c93a47e195a83f0fe15e31001fc258eecc792b7f417d3a0fb73058b78a,candidate_text/19444529.txt,candidate_screening/jd_17_19444529.json,2,11
jd_17_r04,jd_17,Social Media Coordinator,https://jobs.lever.co/promenade/4d44c10a-9621-4e03-8e52-69ffbe633abb,47686a4f9bfbb96271e9b6bd1f457f65215f3d85c54ae59dc9a0d87170670523,likely_fit,75,pass,22706174,DIGITAL-MEDIA,data/data/DIGITAL-MEDIA/22706174.pdf,clean_pdfs/jd_17/jd_17_r04_22706174.pdf,ef7658994a5841327ee174a3e8c989e6301fcceae0c47509fc2601137c2ea28b,candidate_text/22706174.txt,candidate_screening/jd_17_22706174.json,2,2
jd_17_r05,jd_17,Social Media Coordinator,https://jobs.lever.co/promenade/4d44c10a-9621-4e03-8e52-69ffbe633abb,47686a4f9bfbb96271e9b6bd1f457f65215f3d85c54ae59dc9a0d87170670523,likely_fit,75,pass,13837784,DIGITAL-MEDIA,data/data/DIGITAL-MEDIA/13837784.pdf,clean_pdfs/jd_17/jd_17_r05_13837784.pdf,4acfb57384fc5633b0e161b09b9fb3b3af3d131cf2537b8d528defae6cc53bb0,candidate_text/13837784.txt,candidate_screening/jd_17_13837784.json,1,3
jd_17_r06,jd_17,Social Media Coordinator,https://jobs.lever.co/promenade/4d44c10a-9621-4e03-8e52-69ffbe633abb,47686a4f9bfbb96271e9b6bd1f457f65215f3d85c54ae59dc9a0d87170670523,likely_nonfit,65,fail,23810469,DIGITAL-MEDIA,data/data/DIGITAL-MEDIA/23810469.pdf,clean_pdfs/jd_17/jd_17_r06_23810469.pdf,4b893c6d170ef32c1ed8100810f23814e728e454e91528d521c28f2216496088,candidate_text/23810469.txt,candidate_screening/jd_17_23810469.json,2,4
jd_17_r07,jd_17,Social Media Coordinator,https://jobs.lever.co/promenade/4d44c10a-9621-4e03-8e52-69ffbe633abb,47686a4f9bfbb96271e9b6bd1f457f65215f3d85c54ae59dc9a0d87170670523,likely_nonfit,65,fail,28679359,DIGITAL-MEDIA,data/data/DIGITAL-MEDIA/28679359.pdf,clean_pdfs/jd_17/jd_17_r07_28679359.pdf,6494c216d31967c349a8aee772b03357fd69531c63208d90f9f5f1ea03ecbb5d,candidate_text/28679359.txt,candidate_screening/jd_17_28679359.json,2,6
jd_17_r08,jd_17,Social Media Coordinator,https://jobs.lever.co/promenade/4d44c10a-9621-4e03-8e52-69ffbe633abb,47686a4f9bfbb96271e9b6bd1f457f65215f3d85c54ae59dc9a0d87170670523,likely_nonfit,65,fail,79759716,BUSINESS-DEVELOPMENT,data/data/BUSINESS-DEVELOPMENT/79759716.pdf,clean_pdfs/jd_17/jd_17_r08_79759716.pdf,aae49235bafb3583c6350db5c7c99bb4ba945819490064af65ced12c686743f4,candidate_text/79759716.txt,candidate_screening/jd_17_79759716.json,2,7
jd_17_r09,jd_17,Social Media Coordinator,https://jobs.lever.co/promenade/4d44c10a-9621-4e03-8e52-69ffbe633abb,47686a4f9bfbb96271e9b6bd1f457f65215f3d85c54ae59dc9a0d87170670523,likely_nonfit,65,fail,16276121,DIGITAL-MEDIA,data/data/DIGITAL-MEDIA/16276121.pdf,clean_pdfs/jd_17/jd_17_r09_16276121.pdf,4fca90f3404d120c4000ab3b740eafe93088b85e6c39eedc5e7ff17983753837,candidate_text/16276121.txt,candidate_screening/jd_17_16276121.json,1,8
jd_17_r10,jd_17,Social Media Coordinator,https://jobs.lever.co/promenade/4d44c10a-9621-4e03-8e52-69ffbe633abb,47686a4f9bfbb96271e9b6bd1f457f65215f3d85c54ae59dc9a0d87170670523,likely_nonfit,65,fail,26167298,CONSULTANT,data/data/CONSULTANT/26167298.pdf,clean_pdfs/jd_17/jd_17_r10_26167298.pdf,73c42b4a537f30b796d1000dfad0301e006f27fe22434fb3d06cb82d924897f1,candidate_text/26167298.txt,candidate_screening/jd_17_26167298.json,3,29
jd_18_r01,jd_18,Enterprise Sales Executive,https://careers.datadoghq.com/detail/7405831/?gh_jid=7405831,73838d151e4d53870850e33933367f98283e1c572496bd812cf9655ec4c69663,likely_fit,85,pass,14825300,BUSINESS-DEVELOPMENT,data/data/BUSINESS-DEVELOPMENT/14825300.pdf,clean_pdfs/jd_18/jd_18_r01_14825300.pdf,3c9dbff1ee42bf90925461768ff5b77a4c89adac10988585f93fe3446d5247be,candidate_text/14825300.txt,candidate_screening/jd_18_14825300.json,2,6
jd_18_r02,jd_18,Enterprise Sales Executive,https://careers.datadoghq.com/detail/7405831/?gh_jid=7405831,73838d151e4d53870850e33933367f98283e1c572496bd812cf9655ec4c69663,likely_fit,85,pass,10704573,BUSINESS-DEVELOPMENT,data/data/BUSINESS-DEVELOPMENT/10704573.pdf,clean_pdfs/jd_18/jd_18_r02_10704573.pdf,917b48e3742be3ed53d21f8503f4dfbd6a4145b08f1e1be54051c7a68463e0bc,candidate_text/10704573.txt,candidate_screening/jd_18_10704573.json,2,15
jd_18_r03,jd_18,Enterprise Sales Executive,https://careers.datadoghq.com/detail/7405831/?gh_jid=7405831,73838d151e4d53870850e33933367f98283e1c572496bd812cf9655ec4c69663,likely_fit,78,pass,14070138,BUSINESS-DEVELOPMENT,data/data/BUSINESS-DEVELOPMENT/14070138.pdf,clean_pdfs/jd_18/jd_18_r03_14070138.pdf,f653a21bc996d1a38aec65b0a1bcfe96298555c5b631482ea4350c1a8f7f76f2,candidate_text/14070138.txt,candidate_screening/jd_18_14070138.json,2,12
jd_18_r04,jd_18,Enterprise Sales Executive,https://careers.datadoghq.com/detail/7405831/?gh_jid=7405831,73838d151e4d53870850e33933367f98283e1c572496bd812cf9655ec4c69663,likely_fit,78,pass,18293620,BUSINESS-DEVELOPMENT,data/data/BUSINESS-DEVELOPMENT/18293620.pdf,clean_pdfs/jd_18/jd_18_r04_18293620.pdf,87582f2fe6d288afed36cc809da2784b292e2bd9d43743bfeb5c5919bad7595f,candidate_text/18293620.txt,candidate_screening/jd_18_18293620.json,2,72
jd_18_r05,jd_18,Enterprise Sales Executive,https://careers.datadoghq.com/detail/7405831/?gh_jid=7405831,73838d151e4d53870850e33933367f98283e1c572496bd812cf9655ec4c69663,likely_fit,75,pass,16846478,BUSINESS-DEVELOPMENT,data/data/BUSINESS-DEVELOPMENT/16846478.pdf,clean_pdfs/jd_18/jd_18_r05_16846478.pdf,269c7d306e19e0f8c6449ba7067e6e36488cfe7c01b8cd5a674aba240c80cb4c,candidate_text/16846478.txt,candidate_screening/jd_18_16846478.json,3,27
jd_18_r06,jd_18,Enterprise Sales Executive,https://careers.datadoghq.com/detail/7405831/?gh_jid=7405831,73838d151e4d53870850e33933367f98283e1c572496bd812cf9655ec4c69663,likely_nonfit,65,fail,47067533,BUSINESS-DEVELOPMENT,data/data/BUSINESS-DEVELOPMENT/47067533.pdf,clean_pdfs/jd_18/jd_18_r06_47067533.pdf,24f2240e0d111053dfa8e0302b8b0da3d4e720890d69e3fd1409a54ffba3d814,candidate_text/47067533.txt,candidate_screening/jd_18_47067533.json,2,1
jd_18_r07,jd_18,Enterprise Sales Executive,https://careers.datadoghq.com/detail/7405831/?gh_jid=7405831,73838d151e4d53870850e33933367f98283e1c572496bd812cf9655ec4c69663,likely_nonfit,65,fail,36170003,BUSINESS-DEVELOPMENT,data/data/BUSINESS-DEVELOPMENT/36170003.pdf,clean_pdfs/jd_18/jd_18_r07_36170003.pdf,81faacfd60b5de79c48f80bf5f285d5eb081b0983190c26d7084bac07b24afb0,candidate_text/36170003.txt,candidate_screening/jd_18_36170003.json,2,2
jd_18_r08,jd_18,Enterprise Sales Executive,https://careers.datadoghq.com/detail/7405831/?gh_jid=7405831,73838d151e4d53870850e33933367f98283e1c572496bd812cf9655ec4c69663,likely_nonfit,65,fail,27850777,BUSINESS-DEVELOPMENT,data/data/BUSINESS-DEVELOPMENT/27850777.pdf,clean_pdfs/jd_18/jd_18_r08_27850777.pdf,aff9bfb18e8eb1c875fb12bc1ee5369c88f5bc04307e018366da95efd2163284,candidate_text/27850777.txt,candidate_screening/jd_18_27850777.json,2,3
jd_18_r09,jd_18,Enterprise Sales Executive,https://careers.datadoghq.com/detail/7405831/?gh_jid=7405831,73838d151e4d53870850e33933367f98283e1c572496bd812cf9655ec4c69663,likely_nonfit,45,fail,10228751,BUSINESS-DEVELOPMENT,data/data/BUSINESS-DEVELOPMENT/10228751.pdf,clean_pdfs/jd_18/jd_18_r09_10228751.pdf,18709d0ddc3780f61146d52b671b89305109b7f77948e72ff6de9f21e75e1dbc,candidate_text/10228751.txt,candidate_screening/jd_18_10228751.json,1,61
jd_18_r10,jd_18,Enterprise Sales Executive,https://careers.datadoghq.com/detail/7405831/?gh_jid=7405831,73838d151e4d53870850e33933367f98283e1c572496bd812cf9655ec4c69663,likely_nonfit,45,fail,10501991,BUSINESS-DEVELOPMENT,data/data/BUSINESS-DEVELOPMENT/10501991.pdf,clean_pdfs/jd_18/jd_18_r10_10501991.pdf,de8fa34d4816015e897dbb9e8ae526a87d638a71c806ee1c2351eabfdc136ee4,candidate_text/10501991.txt,candidate_screening/jd_18_10501991.json,3,73
jd_19_r01,jd_19,Customer Service Representitive,https://jobs.lever.co/promenade/baa8fb41-da6b-4c49-989a-9d7d26e275f6,0f3f233056149bc91ef158ee1b6f002f265e545a1cd1e4e3f6874bc7cee830c8,likely_fit,85,pass,75744306,HEALTHCARE,data/data/HEALTHCARE/75744306.pdf,clean_pdfs/jd_19/jd_19_r01_75744306.pdf,9924b6f6f0eb0ace2eae930a5d6a0496d69d83f19c21cb2b65eced06c144e656,candidate_text/75744306.txt,candidate_screening/jd_19_75744306.json,2,19
jd_19_r02,jd_19,Customer Service Representitive,https://jobs.lever.co/promenade/baa8fb41-da6b-4c49-989a-9d7d26e275f6,0f3f233056149bc91ef158ee1b6f002f265e545a1cd1e4e3f6874bc7cee830c8,likely_fit,78,pass,20490741,DIGITAL-MEDIA,data/data/DIGITAL-MEDIA/20490741.pdf,clean_pdfs/jd_19/jd_19_r02_20490741.pdf,bcee11e90ef659370fd5aa1008a3f28d588ae275aa12935108943586d17b988a,candidate_text/20490741.txt,candidate_screening/jd_19_20490741.json,4,5
jd_19_r03,jd_19,Customer Service Representitive,https://jobs.lever.co/promenade/baa8fb41-da6b-4c49-989a-9d7d26e275f6,0f3f233056149bc91ef158ee1b6f002f265e545a1cd1e4e3f6874bc7cee830c8,likely_fit,78,pass,35474904,ADVOCATE,data/data/ADVOCATE/35474904.pdf,clean_pdfs/jd_19/jd_19_r03_35474904.pdf,7b7f0343016c5dd97c0121dbaede80d9c20186113462029c35c6fe2ab6c11cbe,candidate_text/35474904.txt,candidate_screening/jd_19_35474904.json,2,9
jd_19_r04,jd_19,Customer Service Representitive,https://jobs.lever.co/promenade/baa8fb41-da6b-4c49-989a-9d7d26e275f6,0f3f233056149bc91ef158ee1b6f002f265e545a1cd1e4e3f6874bc7cee830c8,likely_fit,78,pass,29399491,SALES,data/data/SALES/29399491.pdf,clean_pdfs/jd_19/jd_19_r04_29399491.pdf,41bfe5b442e51111d8ae989acf6ab78f05640f46035b3ae4ee146fafc4bfd593,candidate_text/29399491.txt,candidate_screening/jd_19_29399491.json,2,12
jd_19_r05,jd_19,Customer Service Representitive,https://jobs.lever.co/promenade/baa8fb41-da6b-4c49-989a-9d7d26e275f6,0f3f233056149bc91ef158ee1b6f002f265e545a1cd1e4e3f6874bc7cee830c8,likely_fit,78,pass,19473948,SALES,data/data/SALES/19473948.pdf,clean_pdfs/jd_19/jd_19_r05_19473948.pdf,dfd806fae608ca5a41bef8ecc94bd01dee228f03686579e05dacd7b8cb7b1d9d,candidate_text/19473948.txt,candidate_screening/jd_19_19473948.json,2,16
jd_19_r06,jd_19,Customer Service Representitive,https://jobs.lever.co/promenade/baa8fb41-da6b-4c49-989a-9d7d26e275f6,0f3f233056149bc91ef158ee1b6f002f265e545a1cd1e4e3f6874bc7cee830c8,likely_nonfit,65,fail,17189156,BANKING,data/data/BANKING/17189156.pdf,clean_pdfs/jd_19/jd_19_r06_17189156.pdf,96be511e882cdb541dc657e9e7f56a295db661d94611cef08ad42a367303df0f,candidate_text/17189156.txt,candidate_screening/jd_19_17189156.json,2,6
jd_19_r07,jd_19,Customer Service Representitive,https://jobs.lever.co/promenade/baa8fb41-da6b-4c49-989a-9d7d26e275f6,0f3f233056149bc91ef158ee1b6f002f265e545a1cd1e4e3f6874bc7cee830c8,likely_nonfit,65,fail,36074301,SALES,data/data/SALES/36074301.pdf,clean_pdfs/jd_19/jd_19_r07_36074301.pdf,2a48e6407adc3a7431e33e0d238ced22ec2d2ce128ad20f4bd4b19e9da66b699,candidate_text/36074301.txt,candidate_screening/jd_19_36074301.json,2,8
jd_19_r08,jd_19,Customer Service Representitive,https://jobs.lever.co/promenade/baa8fb41-da6b-4c49-989a-9d7d26e275f6,0f3f233056149bc91ef158ee1b6f002f265e545a1cd1e4e3f6874bc7cee830c8,likely_nonfit,65,fail,26691587,APPAREL,data/data/APPAREL/26691587.pdf,clean_pdfs/jd_19/jd_19_r08_26691587.pdf,4580025dfc4cedec3d07fbd91d5f97a169de067be603b8a54a47f9d811b06e80,candidate_text/26691587.txt,candidate_screening/jd_19_26691587.json,2,10
jd_19_r09,jd_19,Customer Service Representitive,https://jobs.lever.co/promenade/baa8fb41-da6b-4c49-989a-9d7d26e275f6,0f3f233056149bc91ef158ee1b6f002f265e545a1cd1e4e3f6874bc7cee830c8,likely_nonfit,65,fail,36970996,SALES,data/data/SALES/36970996.pdf,clean_pdfs/jd_19/jd_19_r09_36970996.pdf,f32fea19a99685b5cb52704ee248a675656b93aa5b0cd9cea8cf2a54560726a2,candidate_text/36970996.txt,candidate_screening/jd_19_36970996.json,3,13
jd_19_r10,jd_19,Customer Service Representitive,https://jobs.lever.co/promenade/baa8fb41-da6b-4c49-989a-9d7d26e275f6,0f3f233056149bc91ef158ee1b6f002f265e545a1cd1e4e3f6874bc7cee830c8,likely_nonfit,45,fail,29134721,SALES,data/data/SALES/29134721.pdf,clean_pdfs/jd_19/jd_19_r10_29134721.pdf,aeef54eb9ada07b586922a25efbe359522d932280bf5ec9b77b6b9bd801e91d1,candidate_text/29134721.txt,candidate_screening/jd_19_29134721.json,4,11
jd_20_r01,jd_20,"Recruiter II, Business Recruiting",https://careers.datadoghq.com/detail/8041182/?gh_jid=8041182,7b7f2a83da59a483ceb2bb1198ad739ee2df4dc773caffdeac78a7b25742d08d,likely_fit,85,pass,19179079,HR,data/data/HR/19179079.pdf,clean_pdfs/jd_20/jd_20_r01_19179079.pdf,bd02cc351dcb0571ec60edc0f6068d802d289626e51ddb336ee60b83cb9d0ca4,candidate_text/19179079.txt,candidate_screening/jd_20_19179079.json,3,1
jd_20_r02,jd_20,"Recruiter II, Business Recruiting",https://careers.datadoghq.com/detail/8041182/?gh_jid=8041182,7b7f2a83da59a483ceb2bb1198ad739ee2df4dc773caffdeac78a7b25742d08d,likely_fit,85,pass,18297650,HR,data/data/HR/18297650.pdf,clean_pdfs/jd_20/jd_20_r02_18297650.pdf,20f95566d86a8dfc621b15304c016e5e369243b71bf803abcc351e0f93a51df3,candidate_text/18297650.txt,candidate_screening/jd_20_18297650.json,2,2
jd_20_r03,jd_20,"Recruiter II, Business Recruiting",https://careers.datadoghq.com/detail/8041182/?gh_jid=8041182,7b7f2a83da59a483ceb2bb1198ad739ee2df4dc773caffdeac78a7b25742d08d,likely_fit,85,pass,91930382,HR,data/data/HR/91930382.pdf,clean_pdfs/jd_20/jd_20_r03_91930382.pdf,26cad4d2cd6f94d7ee469863593bb87b0b361ea9083bde532204bcce2bc8e39a,candidate_text/91930382.txt,candidate_screening/jd_20_91930382.json,1,7
jd_20_r04,jd_20,"Recruiter II, Business Recruiting",https://careers.datadoghq.com/detail/8041182/?gh_jid=8041182,7b7f2a83da59a483ceb2bb1198ad739ee2df4dc773caffdeac78a7b25742d08d,likely_fit,85,pass,25676643,HR,data/data/HR/25676643.pdf,clean_pdfs/jd_20/jd_20_r04_25676643.pdf,c5d1d1679982be712629282710910547b01d28448fde1f16aaa6cd87ff8e2fbb,candidate_text/25676643.txt,candidate_screening/jd_20_25676643.json,3,21
jd_20_r05,jd_20,"Recruiter II, Business Recruiting",https://careers.datadoghq.com/detail/8041182/?gh_jid=8041182,7b7f2a83da59a483ceb2bb1198ad739ee2df4dc773caffdeac78a7b25742d08d,likely_fit,85,pass,18827609,HR,data/data/HR/18827609.pdf,clean_pdfs/jd_20/jd_20_r05_18827609.pdf,01706254e879fff2fc8ee407ae7b8ef1554fc164350263c923e19548f698a2d7,candidate_text/18827609.txt,candidate_screening/jd_20_18827609.json,2,30
jd_20_r06,jd_20,"Recruiter II, Business Recruiting",https://careers.datadoghq.com/detail/8041182/?gh_jid=8041182,7b7f2a83da59a483ceb2bb1198ad739ee2df4dc773caffdeac78a7b25742d08d,likely_nonfit,65,fail,44476983,HR,data/data/HR/44476983.pdf,clean_pdfs/jd_20/jd_20_r06_44476983.pdf,3720fc5dea61f96ff62daf94e23151eafd787feff81c05524add686c31bb2d10,candidate_text/44476983.txt,candidate_screening/jd_20_44476983.json,2,20
jd_20_r07,jd_20,"Recruiter II, Business Recruiting",https://careers.datadoghq.com/detail/8041182/?gh_jid=8041182,7b7f2a83da59a483ceb2bb1198ad739ee2df4dc773caffdeac78a7b25742d08d,likely_nonfit,65,fail,17812897,HR,data/data/HR/17812897.pdf,clean_pdfs/jd_20/jd_20_r07_17812897.pdf,b73a8b9d5cde7a1928805b13858e1f8cd413d4c9a0ca11d06104161f445c9064,candidate_text/17812897.txt,candidate_screening/jd_20_17812897.json,2,22
jd_20_r08,jd_20,"Recruiter II, Business Recruiting",https://careers.datadoghq.com/detail/8041182/?gh_jid=8041182,7b7f2a83da59a483ceb2bb1198ad739ee2df4dc773caffdeac78a7b25742d08d,likely_nonfit,65,fail,28828844,HR,data/data/HR/28828844.pdf,clean_pdfs/jd_20/jd_20_r08_28828844.pdf,46cfaff1d59e8d568627ba77fe64fb54ade41c11edfd107105c1901ff86bcd50,candidate_text/28828844.txt,candidate_screening/jd_20_28828844.json,2,34
jd_20_r09,jd_20,"Recruiter II, Business Recruiting",https://careers.datadoghq.com/detail/8041182/?gh_jid=8041182,7b7f2a83da59a483ceb2bb1198ad739ee2df4dc773caffdeac78a7b25742d08d,likely_nonfit,65,fail,34740556,HR,data/data/HR/34740556.pdf,clean_pdfs/jd_20/jd_20_r09_34740556.pdf,7336dd0eaa96e466ab906808660a62a5f9336439c32c2b1525bcabbf6cdfa2f7,candidate_text/34740556.txt,candidate_screening/jd_20_34740556.json,2,37
jd_20_r10,jd_20,"Recruiter II, Business Recruiting",https://careers.datadoghq.com/detail/8041182/?gh_jid=8041182,7b7f2a83da59a483ceb2bb1198ad739ee2df4dc773caffdeac78a7b25742d08d,likely_nonfit,65,fail,30563572,HR,data/data/HR/30563572.pdf,clean_pdfs/jd_20/jd_20_r10_30563572.pdf,cfef10d8fffc4cfad603ce72c2232a8acb42b7792abccd40c8fa33b7ee545930,candidate_text/30563572.txt,candidate_screening/jd_20_30563572.json,2,39
